building_id,weekday_mean,weekend_mean,day_night_ratio,peak_hour,max_value,mean_value,std_value,peak_valley_diff
Panther_parking_Lorriane,11.021475,9.9852463,0.75219976,20,25.4972,10.722723,2.7601813,5.3210973
Panther_lodging_Cora,135.49842,133.95967,1.0955543,21,285.4512,135.05457,21.643981,35.231778
Panther_office_Hannah,7.1008487,5.6541808,1.6823961,15,27.7704,6.6839377,3.6727961,6.0721502
Panther_lodging_Hattie,141.00176,139.58521,1.0813339,18,298.0532,140.59349,29.975263,27.844481
Panther_education_Teofila,159.70128,148.4769,1.546921,11,375.0384,156.46622,40.821717,79.012997
Panther_education_Jerome,494.17176,464.53606,1.1105956,15,1052.711,485.62936,41.687667,69.495443
Panther_retail_Felix,123.08641,110.7709,2.0284021,15,279.1259,119.53687,46.208003,98.674531
Panther_parking_Asia,27.002401,26.676594,0.49490143,21,54.8043,26.908498,9.3466657,19.887739
Panther_education_Misty,33.385466,33.552577,1.0586755,10,74.7331,33.433645,8.5386045,3.8108355
Panther_retail_Gilbert,0.79286636,0.78670905,0.62276462,21,1.5203,0.79109478,0.25703412,0.40231396
Panther_office_Catherine,45.748993,40.649026,2.2789351,8,130.1851,44.278992,18.3622,37.462213
Panther_education_Tina,7.6252852,7.2778956,1.5835813,16,22.0042,7.5252364,4.5714466,6.8307544
Panther_education_Janis,27.976952,23.247557,1.8266336,14,493.6413,26.613712,12.523222,21.870396
Panther_office_Patti,484.89032,445.28763,1.3905825,17,1085.535,473.47534,96.265998,208.9488
Panther_retail_Romeo,447.28077,399.77781,1.1728674,13,938.4133,433.59155,60.162062,93.300217
Panther_office_Lauretta,175.69952,166.07619,1.1099116,14,353.7367,172.9264,24.67386,24.795162
Panther_parking_Alaina,37.631593,36.405396,0.51607951,21,78.543,37.277864,12.367573,26.360108
Panther_office_Valarie,33.8794,33.450548,1.0258086,8,76.9749,33.755789,9.9915732,14.571992
Panther_lodging_Blaine,76.106717,74.488921,1.103766,17,146.8283,75.640408,21.512375,18.903986
Panther_office_Karla,38.962689,26.463003,1.4032917,11,105.1403,35.360067,15.857566,15.599851
Panther_education_Quintin,303.2437,302.02427,1.5174654,7,801.1546,302.89419,80.042519,207.46381
Panther_assembly_Pamella,86.788345,74.310026,1.5644481,15,350.4676,83.189848,84.293713,40.766463
Panther_office_Graham,78.526525,65.881931,1.7380136,12,167.3435,74.889163,23.792932,47.120356
Panther_office_Larry,54.808615,46.501478,1.4335377,12,129.8305,52.414605,16.741192,22.867298
Panther_lodging_Jorge,67.371881,65.447228,1.011612,18,120.2632,66.817127,18.592074,23.395768
Panther_education_Violet,150.00837,148.23071,1.089665,14,306.5523,149.49552,24.337462,19.751209
Panther_lodging_Edison,104.84155,101.17583,1.0891152,17,204.5636,103.78503,25.012473,20.248994
Panther_office_Ruthie,118.6006,113.4229,1.1601576,11,237.9737,117.1084,18.910001,26.142673
Panther_lodging_Awilda,89.480702,90.24764,1.0081377,21,192.5476,89.701762,19.124734,13.145396
Panther_lodging_Gale,103.93492,104.28286,1.0178762,21,215.1141,104.03521,14.689086,13.156373
Panther_education_Edna,136.0686,112.01116,1.4795828,13,291.3126,129.13521,34.348428,62.741938
Panther_lodging_Kara,177.10291,172.59414,1.0642498,20,406.1964,175.80447,25.431662,42.342578
Panther_office_Garth,68.904821,49.615458,1.001893,11,141.5533,63.345299,18.723055,24.462902
Panther_parking_Mellissa,15.105111,14.906563,0.65439877,21,32.4863,15.047914,4.2416178,8.1907876
Panther_assembly_Carrol,27.687688,26.065466,2.4843067,20,121.2234,27.220136,15.101434,26.892946
Panther_lodging_Jana,84.211214,81.242692,1.1619396,16,157.9505,83.355696,25.18623,27.872636
Panther_lodging_Myrtle,53.214551,51.92919,0.97086051,6,91.4382,52.844062,11.072582,6.139491
Panther_education_Sophia,142.51781,136.86715,1.0281218,14,308.3107,140.88944,11.932049,8.6476115
Panther_office_Shauna,103.64758,77.818468,1.7731167,8,317.2612,96.202137,39.679793,80.646749
Panther_other_Bethel,4.2032992,4.0512992,0.6623171,21,9.0852,4.1594871,1.0123791,1.7994041
Panther_lodging_Cornelia,43.299961,41.180531,1.2468808,19,128.2247,42.689105,16.776779,21.14457
Panther_education_Hugh,605.81547,593.59814,1.0226295,14,1324.974,602.29423,35.067407,22.33561
Panther_lodging_Marisol,164.56998,161.56395,1.0982146,21,351.3921,163.70365,21.482306,36.891322
Panther_other_Bettie,14.166939,13.94499,1.0554486,20,23.4457,14.102965,2.2347948,1.9586885
Panther_office_Jesus,114.06046,64.249175,1.48181,15,224.7855,99.704,41.655429,62.215396
Panther_office_Taryn,97.770712,81.565001,1.2807325,13,216.5795,93.100766,18.561885,30.627356
Panther_education_Annetta,112.84038,95.702075,1.3758799,11,260.0502,107.90118,25.165783,43.727325
Panther_office_Otto,223.94036,204.33315,1.5586003,9,502.0306,218.31013,54.223198,114.25467
Panther_lodging_Janice,55.370098,54.958981,0.93736403,6,113.7115,55.251599,11.223892,6.9342188
Panther_education_Ivan,134.32006,125.46792,1.3817857,7,308.2195,131.76854,27.343613,69.614953
Panther_education_Alecia,230.62122,221.28525,1.5356881,13,671.7187,227.93024,57.853097,102.41841
Panther_office_Christian,34.994188,33.695116,0.82991126,6,77.3707,34.619813,11.395095,23.82843
Panther_education_Rosalie,65.395734,63.94711,0.99768094,8,131.2958,64.977761,13.256181,1.9096756
Panther_lodging_Else,43.761631,45.045252,1.0123867,21,130.3451,44.131566,15.226357,4.9079148
Panther_education_Jonathan,8.4374853,8.2766637,1.2268952,15,17.0233,8.3911539,3.0965448,2.8657338
Panther_lodging_Dianna,51.824449,51.707076,0.89197913,6,101.7796,51.790618,11.68978,10.395771
Panther_office_Clementine,49.240278,42.554921,1.2686992,13,116.0561,47.316079,11.281405,14.399945
Panther_education_Neal,267.6184,167.16746,1.1722051,13,549.6061,238.66877,105.88895,139.38029
Panther_office_Danica,5.4305687,4.2777784,1.6296843,15,15.2919,5.0983963,2.2164918,3.2283761
Panther_education_Mohammad,157.3389,125.1385,1.3773272,12,328.5326,148.05098,36.459454,60.156097
Panther_other_Lucina,382.34783,344.5832,1.1571921,14,811.8067,371.41632,39.443334,71.214301
Panther_parking_Charlene,43.199185,40.774012,0.54876828,21,86.4559,42.500453,13.328306,28.737971
Panther_lodging_Russell,36.011461,36.93317,1.05012,21,83.6561,36.277094,11.452521,3.5053184
Panther_office_Christin,18.406885,17.714176,1.3729905,14,87.6282,18.206162,21.075295,8.802889
Panther_education_Enriqueta,98.704634,92.017528,1.7635069,21,309.4997,96.773475,33.147516,60.778562
Panther_assembly_David,72.782998,70.608354,1.6408165,19,410.8793,72.156526,47.453079,53.417599
Panther_education_Shelton,124.00967,117.31739,1.0625226,7,243.8471,122.0807,21.3195,24.437256
Panther_other_Lula,1.3031729,1.2802056,1.0629849,19,4.5809,1.2965522,0.80110264,1.0493831
Panther_lodging_Fausto,49.842733,50.879332,1.0478684,21,123.3838,50.141478,15.53881,4.6984467
Panther_lodging_Alita,73.021892,71.294262,1.0763261,18,118.2228,72.52396,14.878701,16.228718
Panther_education_Aurora,133.40643,102.14596,1.9160937,10,255.5579,124.39791,42.839824,80.433827
Panther_lodging_Willa,70.426169,70.411527,0.94408873,20,124.624,70.42194,14.724289,12.264318
Panther_office_Antonette,31.934643,30.317156,0.62669658,3,421.0412,31.468504,10.856717,15.999969
Panther_office_Kristen,53.078865,49.01057,1.0073308,12,131.0027,51.906313,15.983601,4.6261466
Panther_office_Brent,13.948319,13.628266,1.5631765,21,42.1681,13.85621,6.8801632,7.0525217
Panther_education_Vincent,158.26837,135.7889,1.5901834,12,339.9624,151.78849,42.950824,79.210011
Panther_parking_Stanley,43.311,43.024587,0.58821359,2,66.234,43.228517,12.620676,24.183712
Panther_retail_Rachel,3.8699714,2.5312452,1.6285128,15,12.5224,3.4841005,1.9097291,2.2908139
Panther_education_Mattie,7.0947907,5.681507,2.3834234,15,25.2049,6.6873162,4.3626858,7.1540283
Panther_education_Genevieve,268.80364,248.81533,1.1780182,15,571.4885,263.08275,31.2351,56.395078
Panther_lodging_Floyd,158.36117,156.09941,1.1135074,17,280.1759,157.70929,36.591682,33.879759
Panther_education_Diann,92.027466,83.662284,1.5059617,12,274.6075,89.617149,40.373558,38.193354
Panther_education_Emily,131.1263,129.9371,1.796621,7,456.8882,130.78338,43.800723,102.93195
Panther_education_Scarlett,22.956989,20.060369,1.5540373,14,66.3928,22.122701,8.6931463,12.346062
Panther_education_Zelda,84.399494,78.357467,2.1366163,14,212.0409,82.65826,28.403595,60.910736
Panther_retail_Kristina,36.501718,21.093309,1.8372578,12,80.1105,32.063591,16.737115,27.032941
Panther_lodging_Sonja,114.37396,110.89847,1.1350536,17,214.4414,113.3722,27.634255,28.754194
Panther_office_Jeane,22.095504,17.03426,1.3846084,16,53.0459,20.636361,9.3679677,11.431494
Panther_lodging_Teresita,67.094352,64.836889,1.0532646,18,126.6067,66.443713,18.845081,19.10351
Panther_office_Lavinia,23.62471,21.334596,1.1934345,9,51.3699,22.96466,4.9332025,5.9938331
Panther_parking_Adela,46.382754,44.799758,0.47650937,21,95.2481,45.926507,17.155845,36.6889
Panther_office_Lois,147.91742,145.09487,1.0170157,7,684.9922,147.10403,22.045542,8.8703224
Panther_assembly_Denice,480.44251,455.24514,1.4375622,14,963.9105,473.18019,109.55643,205.58188
Panther_parking_Jody,31.53647,30.899259,0.26157843,21,54.7306,31.354451,18.738816,43.953437
Panther_lodging_Kirk,151.73678,148.03509,1.083742,20,348.0669,150.66913,28.723997,38.87049
Panther_education_Gina,422.78756,403.18943,1.0872003,14,1052.711,417.13795,63.896317,48.630956
Panther_lodging_Kaitlin,49.480825,47.231242,1.1350423,19,107.6208,48.832298,17.821826,28.37293
Panther_assembly_Gwyneth,239.59531,248.52449,1.0492682,20,640.9237,242.16867,43.766628,36.138884
Panther_retail_Lester,5.9250279,5.5232108,1.7946587,15,82.9391,5.8088919,4.5066712,4.3887405
Panther_education_Karri,390.95485,372.25255,1.0275777,12,841.1138,385.56445,64.317292,23.7883
Panther_lodging_Edmond,44.163466,42.663729,1.2411149,18,100.9195,43.731216,16.191311,21.59636
Panther_lodging_Tracie,57.373716,55.334378,0.8027608,19,130.4252,56.785944,20.453397,45.661414
Panther_lodging_Anastasia,51.683988,51.366281,0.92241771,6,433.5236,51.592442,11.901312,8.1406885
Panther_education_Cleopatra,27.839025,23.26416,2.139391,7,85.2965,26.520055,14.064781,26.233972
Panther_other_Tyrone,26.827553,25.67866,1.2402416,14,55.9766,26.496574,10.284018,7.715516
Robin_public_Carolina,149.06917,118.68072,1.4359029,13,268.874,140.33925,37.798025,64.837424
Robin_lodging_Dorthy,30.901534,31.443495,1.5846373,19,67.5,31.057227,10.344745,27.787141
Robin_education_Zenia,210.33211,177.73818,1.2852917,15,466.2,200.9686,52.755754,61.960627
Robin_office_Dina,37.979319,29.779481,1.3617254,16,83.5,35.623688,11.019331,14.950083
Robin_education_Derick,550.53111,474.41736,1.2516757,15,961.5,528.66533,142.05835,149.62813
Robin_education_Della,3.6001953,2.2170377,1.9533575,16,21,3.2064572,3.1695752,2.5428816
Robin_education_Leslie,914.35459,816.18748,1.2823095,15,1544.5,886.15337,148.49957,277.10764
Robin_office_Sammie,87.680313,69.12824,1.5155388,14,162.2,82.350716,24.106748,41.24609
Robin_education_Mercedes,265.55034,229.20842,1.231772,16,606.938,255.11012,63.057783,77.293118
Robin_education_Julius,370.51579,284.2923,1.600052,12,719.4,345.7457,111.24892,199.04172
Robin_education_Lashandra,170.56278,158.5493,1.3231635,16,591,167.11157,146.03399,54.013993
Robin_education_Lizbeth,123.90001,115.86558,1.1527172,15,255,121.59189,24.380421,25.504241
Robin_office_Gayle,64.184255,46.527113,1.5885348,16,138.25,59.111752,22.155259,38.493651
Robin_office_Shirlene,33.897298,25.343289,1.3839339,15,63,31.439922,9.3168106,13.312171
Robin_education_Madeline,371.95568,335.94881,1.1598254,12,679.25,361.6117,41.468206,73.294157
Robin_lodging_Phillip,39.988107,35.693474,1.1606471,13,100.6,38.755102,20.185605,9.1212912
Robin_education_Jasper,171.57595,149.56388,1.2021326,11,249.7,165.25238,27.835243,41.019289
Robin_office_Wai,185.55018,119.78718,1.9415694,14,497.7,166.69311,103.63202,130.20768
Robin_education_Terrance,275.49041,235.09276,1.2657476,14,498.5,263.88507,53.376461,77.091655
Robin_lodging_Elmer,96.867309,85.783922,1.3867088,18,197.2,93.683299,29.968265,59.281259
Robin_office_Addie,22.029689,16.838745,1.345077,15,46.3,20.538446,6.4345787,7.9934337
Robin_education_Cecilia,54.964513,45.696172,1.4574208,17,127.5,52.301926,15.656044,26.014145
Robin_education_Kiera,85.339924,59.662654,1.7515219,15,176.5,77.963417,29.88948,53.179406
Robin_lodging_Pricilla,63.027008,61.923161,1.14353,20,170.9,62.709987,28.670803,27.099965
Robin_education_So,506.81818,452.69665,1.1680584,15,711.375,491.27027,62.739246,97.914811
Robin_office_Maryann,246.55144,193.14812,1.2743475,14,388.1,231.20986,54.550903,72.412884
Robin_office_Serena,56.925361,38.470793,1.8108851,14,183.4,51.623775,22.593592,38.919021
Robin_education_Derrick,419.51233,362.45768,1.2406459,15,682.25,403.1218,66.761138,116.84696
Robin_education_Megan,260.34481,226.37197,1.2292154,15,451.5,250.58517,48.235441,73.600079
Robin_office_Adolph,28.034296,24.715777,1.3095784,14,52.5,27.080959,6.9182243,11.442036
Robin_office_Lindsay,48.307067,39.025782,1.4056918,14,134.875,45.64076,30.288424,19.482993
Robin_education_Takako,164.36785,148.01032,1.2410322,12,316.9,159.6687,61.287816,43.952668
Robin_lodging_Oliva,55.503929,53.08823,1.2788872,19,131.4,54.809952,18.376184,29.953899
Robin_office_Victor,58.718079,40.213584,1.7213025,15,117.2945,53.40215,20.072598,34.515932
Robin_education_Margarito,541.30077,496.85948,1.1628435,15,947.688,528.53378,72.886546,107.61102
Robin_public_Cami,73.63811,62.492818,1.3948383,16,126.5,70.436316,21.046083,29.874126
Robin_education_Kristopher,130.22416,110.21051,1.2409174,12,267.8,124.47469,28.931614,33.521204
Robin_education_Billi,43.91239,23.052297,2.4340292,14,106.2,37.91975,22.336791,39.397434
Robin_lodging_Celia,51.938452,49.531011,1.439354,19,126,51.246848,18.267204,41.705882
Robin_office_Donald,159.54588,131.1779,1.3244828,15,310.75,151.44167,52.570303,55.535364
Robin_assembly_Colleen,50.227033,40.215573,1.7302202,14,137.75,47.350964,16.214099,28.804266
Robin_office_Soledad,14.236087,10.750826,1.474391,12,38.813,13.234564,5.0361057,6.691563
Robin_education_Audrea,291.63083,274.96769,1.075973,16,588,286.84388,50.744778,31.401129
Robin_office_Saul,18.272135,15.884448,1.2377248,12,83.2,17.586049,10.02339,4.5640219
Robin_lodging_Donna,21.405981,20.870126,1.1535662,20,44.625,21.252042,5.242218,10.626097
Robin_office_Antonina,438.0656,361.87923,1.3392192,14,686.7,416.17896,89.369264,151.64979
Robin_office_Erma,18.099605,11.033099,2.158646,9,48.1,16.054636,9.991973,15.641687
Robin_office_Zelma,116.04877,94.846878,1.4604029,15,204.5,109.95794,33.437374,51.64586
Robin_lodging_Renea,93.632203,80.554987,1.4580939,18,190.9,89.87541,26.082388,58.54487
Robin_lodging_Armand,38.441771,37.800686,1.2378467,19,74,38.257601,8.6192082,16.935394
Robin_education_Karyl,65.783585,53.062317,1.3756783,15,195.375,62.129048,46.793458,26.39777
Robin_lodging_Janie,119.13304,117.91581,1.0599855,20,304.738,118.78335,61.416338,44.082889
Fox_lodging_Stephen,82.304374,81.992028,1.0398598,22,137.78,82.214646,16.96503,21.707442
Fox_education_Virginia,12.360042,4.659615,1.4888497,9,67.3,10.141872,8.234508,9.7610433
Fox_lodging_Stephan,30.91491,29.333415,1.0471129,21,49.64,30.460063,4.94971,5.4160685
Fox_office_Israel,128.66307,103.07308,1.3904322,11,205.91,121.31288,29.070492,48.334514
Fox_education_Lilly,195.63041,165.2005,1.2628914,13,310.13,186.92269,36.987571,58.598308
Fox_education_Kris,111.70987,94.73006,2.646292,14,305.66,106.82973,56.878069,109.42742
Fox_education_Gayla,67.617771,47.562909,1.6918315,11,130.97,61.83848,23.814927,41.819161
Fox_lodging_Warren,36.524218,35.543626,1.0426597,21,67.49,36.242411,7.4259047,7.9112976
Fox_education_Andre,464.60671,429.71615,1.1773878,15,640.88,454.58286,51.917613,93.955568
Fox_retail_Manie,69.045713,53.767732,1.994885,15,118.37,64.652683,26.830196,52.133578
Fox_assembly_Emma,171.87348,168.27649,1.5524595,19,308.86,170.83958,46.581657,96.972408
Fox_education_Willis,2441.6174,2413.2863,1.0233247,16,3193.57,2433.4787,243.31729,85.449245
Fox_education_Charles,16.258021,14.72656,1.3730615,16,54.64,15.817539,6.9460469,7.5801335
Fox_office_Gaylord,179.93758,120.37918,1.9946199,14,456.84,162.81264,79.31726,149.70453
Fox_office_Margarita,20.213235,16.51431,1.3225712,14,42.2,19.150467,5.7280069,6.9229488
Fox_lodging_Frances,100.67743,95.215593,1.0746979,19,171.21,99.107023,15.308461,18.768052
Fox_office_Clayton,92.177846,76.584078,2.3021312,15,216.27,87.698482,38.988008,86.292408
Fox_office_Demetrius,131.76889,100.23063,0.95180755,5,373.56,122.72094,46.968955,65.765084
Fox_office_Berniece,31.425186,19.063558,0.98653849,7,86.23,27.880494,14.307844,18.974982
Fox_office_Susanne,19.911803,12.111576,1.5904265,15,58.91,17.671478,9.5466323,13.07383
Fox_office_Alice,370.29854,337.02246,1.1701104,13,473.66,360.73878,38.318474,78.676703
Fox_education_Leota,230.87665,179.51593,1.4160293,13,376.22,216.12685,51.165166,103.36676
Fox_assembly_Adrianne,237.01469,223.51725,1.4230058,19,637.38,233.13241,94.020814,114.48804
Fox_lodging_Morris,24.002398,22.089769,1.1012297,11,35.37,23.453251,3.8258807,3.5072792
Fox_education_Theodore,273.04239,263.58238,1.0553565,11,309.6,270.32489,14.864429,20.551879
Fox_assembly_Jerrod,1.9030871,1.7091899,1.1499409,23,54.1,1.8456348,3.7603491,4.0413773
Fox_assembly_Gary,92.329958,89.950369,1.0982689,21,146.29,91.646374,16.077479,18.281669
Fox_assembly_Bradley,157.02194,154.32861,0.9387084,20,593.28,156.24771,83.326204,38.271606
Fox_office_Molly,8.3836411,4.2844173,1.7017385,14,36.03,7.2076898,5.3633379,7.23029
Fox_education_Dewayne,87.009395,54.027489,1.6660325,12,174.34,77.529543,30.509615,53.014129
Fox_assembly_Johnnie,352.42283,296.33494,1.551898,15,529.83,336.37114,98.077954,196.61452
Fox_education_Jacqueline,93.636963,88.384844,0.59816794,21,283.64,92.120407,91.966753,169.09364
Fox_education_Yolande,533.01748,496.40541,1.1698732,10,691.64,522.50054,50.388287,102.18855
Fox_education_Lesley,15.889111,6.9729311,1.6601349,9,77.93,13.322787,8.9993356,9.8649248
Fox_assembly_Renna,383.91771,356.26219,1.1034576,13,479.88,375.97311,31.561565,52.364159
Fox_lodging_Wallace,355.26788,339.34394,1.1631145,19,507.36,350.69315,62.897825,94.389521
Fox_education_Maris,23.165904,19.930052,1.1599246,13,42.37,22.245292,5.9832045,3.9035478
Fox_warehouse_Pearl,34.097462,29.987778,1.6610103,15,136.71,32.917345,17.060851,25.108606
Fox_education_John,61.384607,46.050732,1.9632421,15,140.52,56.980225,24.095551,45.0489
Fox_food_Scott,76.530124,67.064772,1.865191,10,156.38,73.815478,28.476341,59.001611
Fox_education_Marcelina,4.3833462,3.483732,1.4317795,6,36,4.1255771,4.550553,8.2334787
Fox_utility_Marian,476.20467,446.90526,0.24935054,1,2183.59,467.78784,427.08795,793.4076
Fox_education_Sterling,25.262459,15.141881,3.531062,12,65.23,22.354625,16.190235,36.691143
Fox_education_Elvira,197.01962,169.32524,1.4522332,10,426.87,189.05839,54.060024,93.040819
Fox_lodging_Isabell,27.950861,27.060899,1.0280849,22,44.78,27.695187,4.2816464,2.8204514
Fox_education_Ollie,110.5964,101.32357,1.2966184,15,182,107.93275,21.937598,38.28316
Fox_education_Elois,11.756556,9.8904762,1.3171963,12,26.28,11.220228,4.0001917,4.7060192
Fox_education_Melinda,414.50612,390.4834,1.1297595,14,620.41,407.60472,67.650474,71.629357
Fox_education_Geoffrey,123.48134,111.70804,1.1345642,13,174.69,120.09778,16.284912,20.774487
Fox_education_Vernon,65.406274,44.482149,1.7719317,7,212.77,59.404672,30.626205,47.102484
Fox_office_Brandy,37.464168,19.058879,2.410226,14,115.57,32.174773,21.90038,33.633697
Fox_public_Bart,141.57199,108.45932,1.7548049,13,223.16,132.06107,51.387409,102.81681
Fox_lodging_Angla,120.37065,111.91597,1.448763,18,224.46,117.93966,40.921811,61.674924
Fox_education_Tamika,161.43262,124.40448,1.4644524,15,339.44,150.79041,49.152828,75.594483
Fox_office_Vicki,154.89125,126.7727,1.3883125,15,261.24,146.81316,36.419593,61.718249
Fox_education_Janina,131.30132,115.88595,1.2828448,9,235.12,126.87541,36.715539,55.190688
Fox_education_Burton,50.220423,41.701123,0.98091642,5,99.57,47.773013,12.369681,19.761064
Fox_office_Karima,78.938427,51.075255,2.5162099,14,137.74,70.934635,39.285356,79.122421
Fox_assembly_Lakeisha,18.890414,14.618095,1.9772896,17,65.01,17.662475,10.061365,16.01294
Fox_assembly_Cathy,59.878688,52.080334,1.5761729,15,97.99,57.626098,15.327245,30.835911
Fox_office_Zachary,179.07092,140.86145,1.1731892,10,450.4,168.11033,59.94414,55.825783
Fox_education_Gloria,666.01263,646.78821,1.058647,15,800.45,660.4872,49.007831,54.589343
Fox_education_Nilda,141.93315,120.91824,1.5503851,15,257.46,135.8962,36.111276,70.371067
Fox_parking_Tommie,87.881644,86.069275,1.0080621,19,116.98,87.361388,10.864015,5.355898
Fox_education_Ashli,29.652025,27.192723,1.1951692,12,56.53,28.945501,11.120704,6.7083151
Fox_office_Joy,189.17554,164.2275,1.3625772,15,336.59,182.00484,42.691418,78.666859
Fox_public_Denny,144.69428,137.66613,1.2300006,14,260.97,142.67485,31.126184,41.171438
Fox_health_Lorena,43.582164,37.991842,1.3970778,12,105,41.973477,13.265169,23.492726
Fox_lodging_Helen,356.49013,347.84715,1.0230257,21,656.25,354.00705,83.969928,117.2632
Fox_education_Miguelina,105.93654,64.974168,1.7488584,15,321.86,94.163568,42.03351,78.035759
Fox_education_Long,156.12778,124.68524,1.7371728,12,255.72,147.09477,50.488708,107.59436
Fox_education_Louie,80.050241,71.632919,1.2936933,16,132.02,77.63158,16.237683,26.1737
Fox_lodging_Jina,142.57478,140.27566,1.0913834,21,209.17,141.91429,22.898867,24.170616
Fox_education_Shaun,98.346486,54.301095,1.2979208,7,519.42,85.632144,55.784502,64.140832
Fox_education_Kim,62.111369,46.107081,1.624155,13,107.38,57.513033,19.549476,37.392941
Fox_parking_Lynelle,13.259777,12.499345,0.490261,2,24.9,13.041328,5.196506,10.410006
Fox_education_Otilia,944.27113,899.45215,1.0881837,15,1087.23,931.38242,59.524404,105.16902
Fox_lodging_Alana,203.07756,198.57695,1.0819987,22,336.84,201.78459,39.693253,60.449302
Fox_assembly_Kathie,13.087836,9.5850533,1.6624873,8,53.18,12.077145,8.042274,10.175801
Fox_office_Easter,26.297852,14.213633,1.6891896,11,83.97,22.804622,11.068197,15.643677
Fox_education_Tonya,173.27974,161.64838,0.9746618,20,247.16,169.93774,18.494037,23.335144
Fox_assembly_Christie,22.115492,17.89133,1.5530802,14,69.78,20.900494,12.285907,18.742263
Fox_education_Elizabeth,498.70799,421.24691,1.472453,12,852.91,476.53968,143.33561,239.20085
Fox_office_Juana,21.546911,12.587587,1.8396112,10,75.25,18.945584,9.6633399,14.373492
Fox_assembly_Boyce,356.20296,324.87973,1.2912328,14,875.33,347.19245,100.85602,126.65781
Fox_education_Eddy,304.26171,278.24287,1.1047722,5,498.49,296.78728,84.375739,210.85428
Fox_education_Melvin,68.543326,41.949912,1.8291026,13,141.42,60.934972,27.999204,41.67073
Fox_assembly_Audrey,13.06939,13.035386,1.4470855,20,37.75,13.059622,4.1281108,7.0831601
Fox_education_Eldon,197.36193,189.80486,1.054754,15,235.82,195.19034,14.984459,14.756744
Fox_education_Suzan,42.797632,35.964724,1.4169364,14,137.75,40.838204,16.460637,19.841177
Fox_assembly_Cindy,49.776926,48.91641,1.0499291,19,85.55,49.529613,10.432133,8.440301
Fox_education_Shirley,111.91532,68.767888,1.386867,10,315.26,99.354953,38.302545,43.999558
Fox_lodging_Winifred,84.557209,82.891871,1.0222515,21,129.43,84.078781,12.283973,16.550944
Fox_food_Francesco,63.75442,53.193503,1.4766108,19,134.19,60.720241,23.162541,29.924536
Fox_education_Claude,977.59412,955.08275,1.0420171,15,1309.34,971.12356,44.764516,55.561726
Fox_assembly_Sheldon,100.58995,96.467502,1.6968476,13,193.66,99.405458,32.059822,67.220725
Fox_education_Maureen,301.63953,268.95903,1.2703733,16,447.42,292.23987,41.685264,89.803726
Fox_education_Dominique,187.44126,176.49077,1.2217374,14,275.06,184.29497,23.021144,47.805315
Fox_office_Carson,53.560835,47.088613,1.7520442,14,99.61,51.701086,16.038134,33.028358
Fox_assembly_Cecelia,17.11607,15.796448,1.4391961,15,56.71,16.736885,10.254063,9.3274419
Fox_office_Sheila,9.7047696,8.361443,1.4481039,16,27.83,9.318883,4.5733454,5.1798767
Fox_education_Stacia,77.983578,74.318664,1.0727545,12,97.81,76.931569,10.239356,7.3086983
Fox_education_Ray,48.280535,45.903367,0.91619316,7,106.84,47.59755,17.990982,14.359682
Fox_education_Marlana,182.38791,167.03663,1.1241484,15,247.29,177.99542,21.135587,27.388061
Fox_education_Rudolph,24.898139,20.336862,1.5483849,16,52.85,23.591174,9.638512,12.55708
Fox_office_Thelma,137.69417,91.369369,1.5848673,12,225.17,124.38721,45.989102,79.443969
Fox_education_Leona,287.20422,231.42398,1.3849064,13,445.85,271.17933,60.133563,115.48375
Fox_education_Kendrick,13.978128,8.6646924,1.4968479,10,62.84,12.451651,7.2991921,8.4296854
Fox_public_Lauren,124.97358,114.8867,1.1744839,13,168.74,122.07822,18.74457,25.142659
Fox_education_Heriberto,39.534134,31.120456,1.7777056,12,76.98,37.117001,14.794926,33.468709
Fox_public_Martin,188.69014,171.77179,1.1865091,14,242.76,183.83455,23.56239,41.337231
Fox_assembly_Leeanne,18.431568,17.75423,1.0551447,18,41.6,18.23695,6.8347985,5.3688509
Fox_assembly_Tony,85.280218,73.621065,1.5570531,20,139.93,81.930422,24.1561,52.503078
Fox_education_Carleen,112.85419,87.830167,1.4001037,14,273.16,105.67714,38.048139,43.757614
Fox_office_Essie,37.411251,27.862012,2.6403181,12,164.32,34.665538,34.971874,46.573058
Fox_parking_Felipa,61.909377,61.237142,0.76180159,19,93.51,61.716288,11.589963,24.554684
Fox_public_Belle,121.46917,118.42794,1.0808224,16,309.33,120.59663,77.165259,15.789603
Fox_office_Rowena,39.699624,29.922983,1.5408512,13,85.58,36.893464,13.161181,19.915124
Fox_education_Cynthia,218.47555,185.91878,1.0480543,6,398.23,209.04201,39.343865,35.962803
Fox_office_Bernard,133.31906,130.62441,1.1711808,9,215.72,132.54493,17.293631,35.277051
Fox_education_Rosie,131.04131,123.71532,0.99738102,19,232.6,128.93653,26.824233,7.7478933
Fox_education_Shawanda,12.529406,8.732048,1.3596499,19,60.89,11.438415,10.380628,6.7497948
Fox_education_Henrietta,30.050667,28.166708,1.1914014,16,144.92,29.510118,24.059773,7.3915342
Fox_education_Virgil,91.804345,84.116929,1.1646017,14,120.69,89.595292,9.9463752,18.800684
Fox_assembly_Dixie,76.9511,63.326692,4.0708409,13,263.88,73.034093,62.206754,121.14102
Fox_education_Claire,67.879896,43.705924,1.5602759,11,113.95,60.935839,24.336887,36.411245
Fox_education_Wendell,540.36424,511.16866,1.096787,15,640.86,531.97532,38.436103,66.022531
Fox_public_Rhonda,118.21276,82.102885,1.479043,12,212.11,107.83712,38.840519,60.586865
Fox_education_Etta,199.53558,196.56099,1.1397215,15,389.17,198.68007,53.465259,37.388341
Fox_religion_Maurice,1.8334721,1.8422632,1.2182851,15,5.35,1.8359765,1.3455087,0.6690722
Fox_warehouse_Lorretta,18.626099,15.994114,0.6911322,20,237.12,17.876948,30.980755,54.439309
Fox_assembly_Terrell,51.653594,43.769326,1.0424143,5,227.12,49.381802,23.670943,10.667269
Fox_education_Delma,94.975249,86.146524,3.2928296,12,344.74,92.435037,75.125658,163.29337
Fox_office_Edythe,120.30485,96.028748,1.2520007,12,184.62,113.33007,22.435995,33.826758
Fox_assembly_Carlos,117.95281,97.513572,1.5870138,19,328.3,112.06815,51.11197,143.21142
Fox_education_Jaclyn,195.49375,186.2535,1.065227,15,314.14,192.83681,22.274243,20.466769
Fox_office_Yong,148.08775,103.29224,1.3627452,10,304.15,135.22954,42.679619,53.158728
Rat_public_Emilee,39.78714,34.769863,2.7602079,15,128.72,38.338676,22.139685,42.832779
Rat_public_Nell,48.722889,47.697977,1.0289103,15,124.47,48.428218,21.761735,2.8885068
Rat_retail_Jeffrey,75.763771,76.473061,1.5922378,15,197.33,75.967727,36.828328,52.802726
Rat_education_Adrian,84.054859,62.269766,1.4293546,10,209.98,77.765606,37.5596,39.029243
Rat_office_Annis,33.304412,33.07169,1.3518449,15,72.1,33.237411,11.495921,12.78465
Rat_assembly_Suzanne,3.2843578,2.7368266,1.1778705,19,10.44,3.1265967,1.6624869,3.6323701
Rat_office_Jessica,733.94079,618.89496,1.2111598,10,1113.33,701.03258,136.54547,194.27348
Rat_education_Lee,419.51454,362.81339,1.425374,18,792.72,403.23247,112.66717,180.12726
Rat_education_Alfonso,360.84354,267.92211,1.6142475,11,838.9,334.05514,148.23359,224.5312
Rat_public_Frederick,20.424231,20.227612,1.0213444,15,49.37,20.367602,6.7789038,1.6824588
Rat_education_Kathryn,541.08416,463.91755,1.7457555,9,1104.92,518.92532,219.40526,373.50399
Rat_public_Leta,17.008937,17.050548,1.0856628,19,40.1,17.020902,5.2142344,3.6228082
Rat_education_Keith,110.92735,90.131019,1.3819733,10,228.8,104.94823,30.231297,41.621603
Rat_education_Morton,159.12343,129.27571,1.2386469,11,365.72,150.53018,59.616231,42.468615
Rat_other_Al,53.159841,52.067732,1.1087936,14,139.02,52.844975,20.998163,7.4228077
Rat_education_Willy,94.179884,76.364139,1.1096506,9,307.14,89.206352,33.34613,16.345941
Rat_education_Davis,80.925919,72.019708,1.1833088,15,206.73,78.350832,28.426423,22.671873
Rat_education_Edmund,56.929837,34.224411,1.9961303,10,198.89,50.291246,33.665263,48.226274
Rat_assembly_Jamie,29.221813,27.393765,1.2466697,20,135.3,28.694759,21.625568,26.461525
Rat_education_Conrad,201.97895,94.702074,2.0498553,14,786.81,171.27679,155.09141,164.27026
Rat_public_Kelly,21.054794,21.092353,1.1149056,19,37.49,21.065639,4.8071804,4.9817882
Rat_education_Verna,88.593206,69.627844,1.3736636,12,219.48,83.117054,28.574512,34.08117
Rat_public_Sean,22.820576,20.064237,0.88476803,7,61.42,22.027018,12.148538,9.5359945
Rat_public_Kathleen,28.410392,28.23492,1.1714783,13,72.99,28.35995,9.5478731,5.4144037
Rat_education_Kandice,69.42837,61.703055,1.0051154,20,228.37,67.207397,41.559807,36.913205
Rat_warehouse_Maegan,6.9684286,6.8086676,0.99966903,8,15.42,6.9225201,2.0490734,0.75136629
Rat_assembly_Michel,14.674413,15.06051,0.89239495,19,46.29,14.785419,10.67379,2.8162603
Rat_public_Becky,21.049014,21.019371,1.047605,20,48.51,21.040467,6.9992455,3.4094918
Rat_office_Colby,2192.3816,1969.9823,1.0673486,9,3095.44,2128.5274,394.54518,265.00785
Rat_public_Toya,27.582002,24.432279,1.2226904,17,109.89,26.671982,15.371211,9.3457909
Rat_public_Loretta,206.27998,196.39914,1.0155091,21,388.48,203.44223,63.538475,8.9522263
Rat_education_Carmela,98.926732,54.9733,1.7364493,11,223.75,86.254294,39.799371,62.516599
Rat_public_Sharron,44.040921,41.958287,0.94143353,19,68.68,43.442636,9.6183877,6.4938897
Rat_public_Kelle,25.815347,23.767858,1.3684328,13,89.72,25.226249,17.394776,9.6749723
Rat_education_Donnell,63.183334,50.908199,1.3936543,8,332.27,59.669302,56.745497,25.509583
Rat_office_Adele,630.21815,524.14921,1.1954946,9,1363.72,599.71463,233.18324,172.49125
Rat_public_Johnna,29.662606,30.51723,1.2226889,8,130.37,29.90884,24.475067,11.802073
Rat_public_Bronwyn,454.91952,419.65985,1.1912987,12,801.48,444.89481,88.387127,101.87264
Rat_education_Lincoln,176.36975,123.80463,1.8142688,13,505.51,161.20621,75.417534,128.28839
Rat_education_Alfred,386.26312,296.09731,1.2883327,10,872.62,360.16097,166.31569,138.21726
Rat_assembly_Gwen,5.6651746,5.1081948,0.61894869,20,15.06,5.5044674,2.3558267,3.8174003
Rat_assembly_Jennie,2.678088,2.4182715,1.4118506,17,11.92,2.6031398,2.2900397,3.3702515
Rat_assembly_Adolfo,36.340576,31.608733,1.4826874,18,107.33,34.980131,16.673761,21.942795
Rat_assembly_Alex,6.4400987,6.3755253,0.70335997,5,21.96,6.4215322,4.3868425,3.5603458
Rat_public_Alanna,1168.5973,1157.2615,1.0515346,20,2384.16,1165.3426,331.49663,81.704956
Rat_education_Jesse,30.56432,26.769917,1.2524089,9,80.96,29.473396,10.41762,11.333716
Rat_lodging_Lakisha,0.54910454,0.52497643,0.95829304,22,5.16,0.5422411,0.85085982,0.1328032
Rat_education_Leonardo,52.104631,40.598596,1.6283281,11,175.79,48.793016,28.969555,31.738916
Rat_public_Lynda,11.968237,11.898949,1.0818388,18,25.09,11.948292,3.6468455,2.0935802
Rat_assembly_Pauline,1.8557727,1.6017232,1.6818088,17,9.84,1.7827398,1.7444794,2.293913
Rat_religion_Kathy,5.1430113,5.1953198,1.5192951,10,17.68,5.1580694,2.2866838,3.5443073
Rat_education_Moises,163.05803,153.12975,1.0651334,15,243.33,160.2177,20.611921,13.984705
Rat_office_Chris,913.57491,844.98031,1.0926096,12,1723.08,894.05514,261.93094,105.32202
Rat_public_Yetta,18.8783,16.498494,1.6382512,14,44.89,18.199088,8.5166611,11.458632
Rat_assembly_Jannie,0.835669,0.80986693,5.4176102,20,14.09,0.82823007,2.5204073,6.3521841
Rat_office_Jacinta,222.82744,208.57,1.1179743,14,406.38,218.71197,44.059706,33.932173
Rat_public_Laurie,160.0543,148.62955,1.0664693,14,327.68,156.7543,46.680609,16.373346
Rat_public_Sade,32.605983,32.159867,1.1527007,19,62.69,32.477184,10.303268,7.8542228
Rat_other_Daphne,11.932806,11.220457,1.1262496,7,42.66,11.727728,5.4472556,3.1039145
Rat_assembly_Horace,26.523931,26.273793,1.2963469,19,109.81,26.451915,19.49973,38.695528
Rat_public_Damon,20.805593,20.660975,1.1158607,18,40.46,20.763825,7.1423166,4.0254911
Rat_education_Imelda,2.8903364,2.9030481,0.97477737,3,4.99,2.8939963,0.53938339,0.092839506
Rat_warehouse_Doretta,164.38394,139.82124,1.1639336,14,295.05,157.32096,33.689387,35.077822
Rat_education_Roxanne,441.30028,351.3889,1.2253048,10,1085.31,415.8456,267.24453,99.086691
Rat_health_Mildred,19.106162,15.244136,1.4290211,13,58.58,17.994083,7.8088076,8.794949
Rat_health_Ann,95.730837,84.803118,1.1684292,15,272.68,92.577932,55.867062,18.979366
Rat_education_Lynn,112.83109,90.496674,1.2886558,10,259.59,106.40094,34.727485,36.682346
Rat_public_Vickie,45.390836,44.996926,1.1698005,15,238.66,45.278004,38.969828,12.814005
Rat_public_Chrissy,56.325991,54.438176,1.2094856,15,127.76,55.78037,15.700596,14.531756
Rat_public_Allyson,54.97704,53.465538,1.2952461,16,124.59,54.541151,15.895817,16.851374
Rat_other_Lan,13.736593,13.631054,1.0608033,15,22.08,13.706172,2.1290681,1.4350836
Rat_public_Johnny,20.562893,20.739021,0.98572718,21,34.04,20.613601,4.4462966,1.2760768
Rat_education_Marvin,60.544704,37.077129,1.8792994,11,163.82,53.78601,28.707999,41.271281
Rat_education_Beverly,735.29565,478.30288,1.435112,11,2109,661.50913,301.97662,388.79804
Rat_education_Matt,159.52784,117.44009,1.3546978,10,320.71,147.49529,66.287204,67.439353
Rat_public_Isabel,54.400217,50.932448,1.3053644,16,106.81,53.401836,16.111692,18.921756
Rat_public_Yessenia,114.6452,111.3313,2.1761219,13,228.84,113.69112,50.72846,83.87166
Rat_assembly_Trent,23.229495,20.891267,1.2636076,12,65.79,22.556158,8.3279207,7.0712209
Rat_public_Joann,18.054115,16.555778,1.3141787,15,33.92,17.62333,4.9608995,8.3487808
Rat_education_Penny,174.98562,146.6194,1.580012,10,329.7,166.85358,63.433689,102.6094
Rat_assembly_Ida,27.007462,24.409525,1.2424917,12,69.71,26.257407,8.7917019,6.8543191
Rat_health_Gaye,40.568328,31.417463,1.3541161,16,99.15,37.929622,12.53945,15.865591
Rat_education_Terese,123.18254,98.718963,1.3402829,11,266.91,116.13255,36.397693,44.665894
Rat_education_Irma,79.548476,61.81472,1.4574151,14,195.6,74.441706,27.300016,34.54556
Rat_office_Olivia,61.026448,32.513876,2.5021823,14,151.27,52.817592,31.493228,49.348656
Rat_public_Stella,97.179268,94.869474,1.0465049,13,136.46,96.514271,12.172245,6.0106722
Rat_public_Hortencia,66.891918,40.769571,1.434336,7,121.41,59.360882,21.712289,29.988049
Rat_education_Calvin,38.721617,33.404272,1.2347823,18,85.15,37.193955,14.301832,16.143165
Rat_assembly_Teodoro,26.868421,25.93859,1.009177,20,68.2,26.603823,12.465448,11.67599
Rat_education_Earnest,64.891634,49.570772,1.4291327,11,167.3,60.474651,21.995588,29.547212
Rat_public_Roma,54.133412,51.221996,2.6592227,13,139.62,53.29511,28.925052,48.140576
Rat_warehouse_Shari,47.118086,41.505147,1.0643802,13,122.16,45.497657,23.992126,6.9104814
Rat_education_Earl,167.99265,136.75345,1.3075587,11,322.61,158.97862,57.643859,52.159999
Rat_public_Fredrick,13.348156,13.131413,1.078109,10,61.17,13.285871,9.8002529,1.4355666
Rat_education_Wilmer,109.31072,85.125351,1.3759149,10,266.97,102.32852,35.19871,47.355927
Rat_public_Helena,24.247098,23.809092,1.2229684,7,69.7,24.120835,8.6805529,10.871561
Rat_education_Stuart,48.793254,44.449792,1.2208715,9,162.51,47.54104,19.623238,13.594409
Rat_education_Mavis,212.11479,185.0857,1.1126696,11,482.6,204.05944,94.290721,32.122515
Rat_education_Marianna,86.370763,64.258749,1.5642455,10,228.84,79.979604,33.261475,47.278884
Rat_public_Sharonda,38.923213,30.633691,1.1773,13,96.76,36.539632,11.51065,11.301017
Rat_public_Elmira,23.187778,23.301375,1.0848331,18,48.9,23.220551,8.4152694,3.4342268
Rat_public_Clyde,34.156341,34.119192,1.1386507,7,72.9,34.145652,9.1230389,9.7606584
Rat_assembly_Kelley,2.7907107,2.5759936,0.82404005,0,10.72,2.7290701,1.7714467,0.72666305
Rat_assembly_Victorina,1.8561389,1.5073454,1.6100203,17,7.52,1.7566418,1.3141901,1.5007199
Rat_education_Chance,63.132784,44.857941,1.534609,12,174.86,58.039795,30.792698,33.084426
Rat_public_Allie,11.796323,10.876289,1.3165195,16,27.46,11.53179,5.5964002,5.0772603
Rat_education_Dana,103.26916,83.809382,1.3554204,10,221.54,97.675096,35.55491,35.646521
Rat_public_Leo,18.087191,18.169596,1.0365411,20,34.07,18.110859,4.328704,2.4769207
Rat_assembly_Trudy,39.21224,34.157778,1.5554886,20,130.67,37.754962,20.013628,38.033146
Rat_health_Tanya,51.924599,50.096052,1.2588027,15,130.22,51.398876,23.137286,14.464315
Rat_education_Willie,258.23226,191.20354,2.0229497,13,624.2,238.90797,128.68758,208.07435
Rat_public_Ramona,26.913569,26.769688,0.98900637,20,52.43,26.872141,8.0850081,3.3569822
Rat_assembly_Kaitlyn,100.51781,95.014964,1.2103977,20,223.97,98.931346,31.82077,69.405865
Rat_education_Eleonora,237.09377,200.21937,1.599137,13,577.84,226.50156,111.4201,129.30301
Rat_education_Debra,112.61988,88.023085,1.308568,11,263.6,105.5179,36.569029,37.261228
Rat_assembly_Rolland,41.734053,38.411761,1.3099231,20,156.67,40.778647,27.092128,69.005877
Rat_education_Mose,89.643517,65.958888,1.509525,11,218.04,82.82308,42.679014,41.994595
Rat_public_Julieann,4.4144977,4.3591236,0.89444032,22,14.18,4.3985534,4.8103399,0.64461192
Rat_lodging_Marguerite,22.635806,22.4575,1.1262314,21,61.33,22.584354,9.134726,6.5057577
Rat_lodging_Ardell,16.353164,14.605568,1.2718777,20,39.22,15.849334,5.8119805,5.5494918
Rat_assembly_Aisha,81.681858,81.152153,0.98590235,20,196.91,81.52896,35.324682,24.612834
Rat_public_Laura,13.295815,12.561808,1.1145984,15,29.36,13.083792,4.1702657,2.615737
Rat_office_Ronald,56.414795,46.473721,1.4399995,16,135.85,53.555672,18.787441,24.135887
Rat_public_Kermit,18.173671,16.604911,1.3191566,16,61.57,17.721684,11.07585,6.4674965
Rat_education_Marcos,372.96239,352.59675,1.2163999,14,736.59,367.12546,108.56052,86.26509
Rat_public_Courtney,31.679094,28.179706,1.543983,14,73.81,30.670168,13.172182,18.296812
Rat_assembly_Teddy,87.315474,80.476108,1.1183304,11,164.54,85.343694,21.706849,13.443636
Rat_education_Liz,100.15268,69.135119,1.6667975,10,291.45,91.222631,43.743959,66.320425
Rat_education_Jacob,55.59479,55.735316,1.0456528,12,99.53,55.635303,13.487932,4.6323077
Rat_public_Ulysses,,,,,,,,
Rat_education_Zina,55.885813,32.486136,1.7142335,11,164.6,49.12113,27.611351,35.829766
Rat_public_Kimber,246.77212,180.36426,1.0786507,8,934.49,227.70542,160.47632,82.039487
Rat_other_Hazel,375.49578,370.4138,1.0191955,15,487.63,374.03258,29.327967,11.422277
Rat_education_Barbara,1.5333268,1.5653139,0.098777892,2,3.57,1.5424086,1.2996348,2.6576217
Rat_public_Caroline,150.92605,145.38629,1.0426493,15,272.86,149.33323,43.563369,10.236466
Rat_lodging_Lorenzo,2.9088768,2.9459628,0.94706535,22,10.16,2.9195555,1.7250256,0.52986392
Rat_assembly_Francine,40.778439,37.466558,1.0925203,20,95.86,39.82384,11.736767,16.493703
Rat_education_Sherwood,110.01889,84.367089,1.3947146,12,249.66,102.61334,37.096428,41.602022
Rat_public_Alexander,136.89993,126.99037,1.1172296,15,193.22,134.07435,17.926095,21.064971
Rat_education_Pat,161.57848,158.781,0.98740982,6,662.7,160.77798,102.21827,5.0425762
Rat_education_Abigail,128.00547,104.70455,1.3352301,12,367.37,121.28607,41.126443,47.693846
Rat_education_Gricelda,36.227048,25.291267,1.5195313,10,81.52,33.093322,12.817089,17.510451
Rat_assembly_Dovie,25.366926,20.228153,1.5992871,18,80.24,23.889485,12.603552,14.913438
Rat_education_Renee,34.973764,32.500943,1.1604337,20,72.82,34.261831,12.255547,7.8088066
Rat_public_Nelson,44.779612,43.902403,1.1634169,16,91.71,44.526714,12.651193,8.4093658
Rat_education_Patty,141.32841,126.83133,1.212974,14,409.39,137.14833,62.515863,36.224327
Rat_public_Jason,25.584071,24.176521,1.1231087,20,75.21,25.178833,9.9839098,4.9881207
Rat_public_Angle,343.65407,318.99791,1.1021296,19,1043.49,336.52397,78.252648,67.287632
Rat_assembly_Aubrey,17.182042,16.860604,0.81130514,20,89.49,17.089597,13.670992,25.961877
Rat_assembly_Archie,3.0768106,3.0827342,1.3175797,15,10.84,3.0785155,1.9102748,1.0762616
Rat_public_Mark,23.188094,22.478282,0.79995485,4,69.68,22.983889,12.948416,6.5003135
Rat_public_Maxine,142.43245,117.21721,1.3313777,13,298.9,135.21078,50.452752,47.181906
Rat_public_Dexter,13.154215,13.170294,1.0163651,20,25.64,13.158858,3.202031,1.6785144
Rat_public_Dalia,189.47748,177.99501,1.0626774,14,341.05,186.16906,47.233303,16.894368
Rat_public_Michael,43.85499,39.390923,1.4689337,14,93.16,42.566235,14.413903,20.582792
Rat_education_Mona,82.391954,67.238785,1.5902156,10,178.44,78.029311,29.925847,58.912071
Rat_public_Norene,27.366991,27.265248,1.0186533,20,52.63,27.337894,6.2491334,2.13875
Rat_education_Elsie,124.43773,100.60796,1.8982555,12,914.13,117.58989,210.98001,114.22044
Rat_public_Carole,18.841409,18.725181,1.1485141,19,42.76,18.807906,5.8489181,5.2555425
Rat_assembly_Cristina,52.334185,48.049573,0.90228951,20,190.7,51.099964,34.449709,74.597366
Rat_office_Jamal,1065.5615,621.42093,1.7506262,9,2939.15,938.04203,514.06433,712.32327
Rat_public_Michelle,72.543099,59.797429,1.5078223,12,181.35,68.876277,37.539051,60.139602
Rat_education_Winnie,58.831498,46.57893,1.5050133,11,239.39,55.298695,26.918361,28.249382
Rat_health_Rosaria,32.589087,27.138975,1.3993422,13,84.22,31.019804,14.648199,14.655638
Rat_education_Everett,188.81438,149.26441,1.535728,12,406.83,177.43039,58.112205,97.054877
Rat_education_Alyson,50.639759,47.57418,1.0835025,9,102.42,49.764419,19.835254,6.6907389
Rat_education_Tristan,30.028128,27.280585,1.2588763,9,90.27,29.236267,12.460588,8.6871472
Rat_education_Mac,168.2316,132.94809,1.146944,9,327.1,157.10164,65.038212,34.810385
Rat_office_Ashlee,47.569474,41.877379,1.2808598,14,105.07,45.943683,22.164686,14.422835
Rat_public_Neil,24.996175,23.098249,1.3275287,18,80.65,24.450037,13.818618,11.164027
Rat_education_Adell,176.58376,80.225222,1.8880374,10,420.87,148.86776,83.929872,133.18583
Rat_public_Sue,30.310575,26.045339,1.817096,15,74.97,29.082704,11.575804,20.760329
Rat_education_Theo,592.91019,464.26705,1.5289199,10,1678.19,555.96957,343.76942,321.05907
Rat_office_Sammy,55.739471,48.536258,1.3573435,14,143.46,53.669658,22.118356,20.441288
Rat_education_Nydia,162.23497,127.52217,1.353923,10,410.15,152.27767,51.057695,48.301646
Rat_education_Francisca,36.503946,32.969799,1.118686,11,185.53,35.485548,31.356527,5.4980591
Rat_public_Darren,4.358168,4.3570741,0.69239554,2,7.57,4.3578522,0.848865,1.7807043
Rat_education_Barney,29.841329,25.705506,1.2282492,10,88.46,28.645555,11.886448,8.1422207
Rat_health_Guy,1479.0516,1431.6056,1.0538701,13,2225.28,1465.3746,283.01913,110.76398
Rat_public_Nancy,18.850791,19.087066,1.0155873,20,34.08,18.918859,4.6565746,1.6043562
Rat_education_Rosalyn,75.78021,61.119152,1.3535802,10,165.98,71.559247,21.470492,26.976735
Rat_assembly_Ruth,6.3220357,5.9429295,1.0580516,20,21.36,6.212699,4.8013822,7.9816229
Rat_office_Arron,63.511575,49.676436,1.4951142,17,143.99,59.537416,21.48866,31.991473
Rat_assembly_Ezequiel,41.038793,40.217718,1.0567089,19,137.12,40.802714,27.947387,7.2069518
Rat_public_Corinne,25.435768,25.378108,1.0801585,19,54.27,25.419168,10.418774,4.1828121
Rat_education_Jame,68.067882,56.528012,1.2764634,10,144.68,64.737331,16.943279,19.691563
Rat_lodging_Jeannette,5.0478474,5.5174504,0.92260938,5,15.4,5.1828777,2.2726305,0.67589041
Rat_lodging_Ted,2.4688738,2.720559,1.2318527,19,10.28,2.5414199,1.8873859,1.4829355
Rat_education_Elisa,45.491279,24.557818,1.7515033,10,143.18,39.47273,22.867007,30.499603
Rat_education_Cecil,65.461373,54.225431,1.2697795,14,161.29,62.218526,26.112495,19.520867
Rat_public_Faye,31.386895,30.730252,1.0665509,6,77.71,31.197325,12.945284,5.9593948
Rat_public_Amber,10.492382,9.7365528,1.4780375,14,34.52,10.274776,5.1381264,6.2015089
Rat_education_Cedric,98.376153,80.331009,1.3768354,13,194.91,93.18802,25.819744,36.651274
Rat_assembly_Kenya,66.657238,59.876081,1.2464884,19,172.27,64.707317,25.366042,20.127056
Rat_assembly_Donny,2.5976776,2.2209728,1.4486612,20,15.64,2.4896787,1.8651038,5.4261507
Rat_education_Salvatore,81.421402,70.93278,1.4365503,11,213.09,78.401696,35.989002,34.017874
Rat_lodging_Ben,334.49781,313.58592,1.2415311,14,658.39,328.51834,108.38481,85.397497
Rat_public_Tammara,7.7036622,6.8528574,1.8710375,16,28.32,7.4590345,4.698972,6.5301233
Rat_office_Tracy,21.120763,19.304218,1.1166164,14,41.2,20.597965,5.253047,3.5428743
Rat_education_Nona,104.00093,84.330902,1.1030774,19,300.61,98.382691,58.123223,29.683228
Rat_public_Andrea,214.49815,215.85675,0.98710217,6,305.62,214.8797,74.782907,7.2585763
Rat_parking_Ronnie,17.732498,14.761601,1.2060562,8,58.11,16.876995,7.828298,6.2037996
Rat_education_Fernando,67.638957,49.43049,1.5349954,11,165.55,62.389181,27.344962,33.551058
Rat_education_Shellie,78.527362,65.295538,1.2714556,10,174.38,74.712645,30.463307,25.51081
Rat_education_Bryant,58.806423,48.567305,1.1989013,10,96.8,55.851793,11.603466,14.978512
Rat_public_Wilbur,178.86978,173.86197,1.0268793,15,281.73,177.4257,28.697365,11.729712
Rat_education_Maricela,151.22411,126.40039,1.1935194,10,315.13,144.04048,57.776112,35.40035
Rat_office_Randy,109.78143,85.930459,1.4850803,14,209.36,102.90523,39.757182,57.364588
Rat_education_Ulrike,109.12477,91.050989,1.4212801,11,227.8,103.92127,31.483686,47.253032
Rat_office_Craig,238.24999,225.17941,1.0026067,21,414.88,234.47213,58.432245,25.403705
Rat_warehouse_Breanna,91.403064,90.1719,1.1434085,13,140.2,91.048121,24.968107,16.348132
Rat_assembly_Erwin,18.344661,12.095584,1.4134873,20,63.59,16.545533,11.377505,23.198752
Rat_assembly_Kimberley,67.672913,62.40287,1.2946667,15,143.87,66.157945,18.521278,21.278397
Rat_office_Mei,20.617537,20.228684,1.2200723,13,46.11,20.505177,5.4249483,5.706771
Rat_education_Milagros,119.67099,87.099205,1.4985562,11,300.56,110.34243,47.587107,54.530014
Rat_education_Zoe,99.111027,80.107353,1.541451,10,207.94,93.639811,30.445523,54.087449
Rat_education_Dreama,93.671446,89.147549,1.0594917,13,171.38,92.368089,25.290276,7.5065278
Rat_assembly_Deandre,29.05641,28.577284,0.875927,21,67.16,28.918468,11.130729,6.5591084
Rat_assembly_Pam,8.5504231,8.366857,0.9659226,6,39.51,8.4976441,9.4132707,1.0109712
Rat_office_Jeannie,46.32388,36.431712,1.5342758,14,129.71,43.475895,20.022623,22.488326
Rat_education_Tim,65.779329,53.47414,1.2770894,10,175.37,62.24649,24.799427,19.96538
Rat_education_Royal,76.47499,64.159176,1.2296593,10,145.38,72.929229,19.403688,20.438313
Rat_education_Humberto,184.18708,152.32676,1.1841289,17,630.18,175.00296,117.0972,56.271634
Rat_public_Percy,6.70422,6.7010746,1.1305801,7,14.56,6.7033255,3.4940211,2.0695203
Rat_education_Veronica,205.56289,130.96806,1.3464013,13,645.94,184.11688,94.154618,110.38519
Rat_lodging_Marion,36.453356,36.260522,1.1347603,21,91.44,36.397804,12.219597,8.8602989
Rat_public_Lloyd,74.320771,65.388973,1.3186918,13,160.64,71.745746,24.513243,24.224299
Rat_education_Rogelio,128.21807,121.30871,1.6222421,8,268.93,126.23122,44.935901,80.76556
Rat_lodging_Lucille,3.1257335,3.1740306,1.20075,12,20.56,3.1396132,2.5439356,1.1808231
Rat_office_Kasey,96.641186,61.143094,1.6338168,12,232.21,86.407136,41.408161,65.055055
Rat_assembly_Myrna,7.1207026,6.8743148,1.0318469,20,16.85,7.0500555,2.9594177,6.9919792
Rat_public_Grover,17.832674,17.468535,1.0203461,21,30.97,17.727837,3.9610791,1.437476
Rat_education_Kristie,137.18538,113.50164,1.2538784,11,323.2,130.63101,54.391537,43.683692
Rat_education_Kelsey,163.75566,143.12354,1.2622706,12,343.72,157.82375,42.05776,48.249589
Rat_education_Brett,69.914987,53.985781,1.360719,12,240.6,65.328381,45.148928,27.595597
Rat_public_Tommy,16.958915,16.416259,1.0682886,15,33.56,16.802459,4.036942,1.821772
Rat_public_Berry,98.630967,94.820983,1.0155204,13,148.39,97.534061,21.689481,3.3266392
Rat_public_Fern,48.888576,48.215874,1.065187,19,89.22,48.695113,15.599468,5.7641079
Rat_assembly_Don,7.3770788,7.2358015,1.274082,18,34.7,7.3368593,5.2449646,5.7272203
Rat_education_Vicky,198.11968,158.34473,0.8299258,4,390.49,186.71394,71.528681,48.89518
Rat_public_Roberta,14.902567,14.850324,1.0530045,20,30.18,14.887505,4.5304266,2.8389973
Rat_education_Denise,89.595591,70.378272,1.5433083,11,226.55,84.06219,34.237798,53.525529
Rat_assembly_Kristine,24.077241,22.44009,1.3452827,18,53.88,23.59783,7.4936014,9.7333907
Rat_education_Robyn,163.50456,134.5209,1.2892273,12,402.05,155.17151,60.021432,50.66837
Rat_education_Romana,39.845213,30.729086,1.389802,14,132.64,37.234649,21.451013,14.58494
Rat_office_Lora,477.94284,303.48911,2.0852667,15,1270.83,427.77594,222.76423,370.14652
Rat_education_Paula,128.83016,112.28465,1.2544309,10,273.17,124.0729,35.341841,36.47737
Rat_assembly_Gerald,3.8561666,3.8279245,0.71529331,20,25.64,3.8480257,3.7142918,2.8347073
Rat_office_Ramiro,36.21784,32.242637,1.0952577,12,84.58,35.074591,12.685183,4.7799872
Rat_assembly_Karen,177.19474,158.65043,1.3598125,19,445.6,171.8564,62.689519,75.323324
Rat_public_Wilma,57.687883,54.083405,1.3401314,16,118.29,56.650083,15.105212,22.699095
Rat_education_Meghan,59.003967,40.2703,1.4967303,10,158.83,53.618639,25.447112,28.657219
Rat_public_Frank,8.0302237,8.0002502,0.96029314,7,44.63,8.0215581,5.2161249,0.77356271
Rat_public_Deidre,8.9376106,9.0820969,1.1182979,19,20.34,8.9791516,2.8014957,1.9494795
Rat_assembly_Viola,56.062062,48.674184,1.2812884,14,143.01,53.937741,25.688862,17.237123
Rat_public_Laverne,12.864525,12.495167,1.0558339,20,29.96,12.758578,4.1702944,3.3360768
Rat_office_Jill,762.73849,359.5604,2.0745249,12,2052.7,647.8519,418.29635,608.21752
Rat_public_Margart,43.626924,39.902861,2.3631932,16,106.56,42.554755,21.067777,39.789227
Rat_education_Yu,84.691256,71.780667,1.4029012,11,210.79,80.97515,25.788937,35.627816
Rat_warehouse_Eloisa,95.879493,78.885631,1.2266395,11,375.27,90.993612,74.509378,26.819712
Rat_education_Cinthia,38.11062,28.696968,1.642235,20,177.98,35.416863,30.7633,25.642811
Rat_education_Nellie,466.02585,359.02145,1.5430712,11,943.95,435.24711,158.15856,264.58036
Rat_public_Duane,78.876321,75.779388,1.0434452,9,258.71,77.986052,50.373954,18.211726
Rat_public_Tamra,21.01602,20.95642,1.0767598,19,34.57,20.998837,4.6539664,2.9069918
Rat_education_Deanna,91.865237,79.543991,1.2622005,11,184.66,88.317913,26.009003,26.088661
Rat_education_Sina,169.55503,163.76559,1.205823,9,362.97,167.88365,60.669257,78.474347
Rat_education_Candida,145.88228,125.74991,1.3143696,10,310.05,140.08611,39.783261,52.585802
Rat_assembly_Kristy,47.51419,55.417852,1.1864521,20,150.43,49.779479,38.265113,64.952702
Rat_office_Avis,932.42122,868.64737,1.1258995,10,2255.64,914.01664,315.97948,138.80899
Rat_public_Shanta,12.199149,12.262427,1.1059567,20,30.96,12.217417,6.0207547,2.64663
Rat_public_Mabel,102.60908,98.048044,1.0578708,14,174.4,101.29052,24.887143,9.6265289
Rat_assembly_Mirta,179.22135,142.81432,1.4715228,10,614.65,168.75222,64.698626,81.677795
Rat_lodging_Dwight,23.779044,24.867029,1.0066684,8,87,24.091957,13.24631,5.2388493
Rat_public_Josiah,89.060588,85.216444,0.99573921,21,198.74,87.953847,30.266123,4.6842112
Rat_public_Tricia,37.772138,36.861035,1.0536574,8,97.91,37.510188,15.641822,5.2906986
Rat_assembly_Damaris,4.8906508,4.9408419,0.77986821,4,12.26,4.9051217,1.6335622,1.3512912
Rat_public_Marcellus,10.31815,7.981367,1.0781547,13,35.11,9.646513,4.0609775,2.8636524
Rat_public_Muriel,84.087474,81.009275,0.96918587,6,431.35,83.203068,61.710746,9.5770416
Rat_assembly_Monica,66.626742,62.678283,1.1673471,20,142.96,65.486679,21.106398,18.033177
Rat_assembly_Silvia,11.794245,10.324228,1.0954663,20,43.43,11.371023,6.3363744,16.664444
Rat_education_Dianne,142.36879,133.09555,1.1708881,9,257.03,139.72527,33.777646,35.734322
Rat_public_Ramon,31.484997,28.293237,1.2277881,13,86.81,30.565922,13.350959,9.1482121
Rat_education_Esther,100.84332,79.631326,1.3599095,10,222.94,94.727582,30.892124,38.29228
Rat_education_Guillermo,111.86191,101.37351,1.1847287,14,219.8,108.83803,24.10181,22.570893
Rat_public_Lea,68.386089,67.315512,0.79279394,21,125.48,68.083114,15.53028,21.283205
Rat_health_Shane,1158.0111,1116.6478,1.0564407,19,1919.72,1146.1684,198.52247,132.79094
Rat_education_Alonzo,151.84494,110.86635,1.6855832,9,534.69,139.66212,58.127931,100.39892
Rat_education_Susana,8.1406716,9.3668055,0.99101906,14,19.2,8.4913315,6.0407954,1.0572205
Rat_education_Colin,59.692634,42.154037,1.5010132,10,162.54,54.636281,28.425362,28.021209
Rat_assembly_Lillie,13.381589,13.44597,1.6369428,20,71.64,13.400094,16.890596,47.611329
Rat_assembly_Frieda,129.49872,110.40445,1.3233153,19,288.36,123.99387,45.815118,52.197582
Rat_education_Dann,199.77905,183.24349,1.1277886,10,360.4,195.01842,51.659855,31.126872
Rat_public_Stacey,17.072019,14.596408,1.3997429,13,41.72,16.359283,7.2522884,7.138546
Rat_education_Jeanne,59.087513,48.710622,1.3020532,12,136.68,56.10069,16.259377,21.118298
Rat_public_Angelina,32.853967,31.858874,1.0982186,7,71.84,32.567083,11.469636,4.6681319
Rat_public_Sana,1108.9495,1048.4189,1.0969602,13,1843.2,1091.6361,466.24261,133.3572
Rat_office_Rosemary,18.009633,12.94143,1.5119605,11,42.25,16.550398,6.488152,8.9332236
Rat_public_Desiree,12.88929,13.17055,1.0729014,19,24.96,12.970322,3.1100091,2.5822115
Rat_education_Lonnie,68.342433,41.075174,1.7319706,11,210.14,60.481982,33.368256,46.528434
Rat_education_Jena,177.80322,127.82474,1.5516677,11,365.02,163.3945,59.600926,108.88196
Rat_office_Loyd,59.826741,44.30835,1.601564,13,119.59,55.365071,18.788269,30.776951
Rat_education_Tania,324.79438,277.76956,1.4516505,8,880.28,311.31028,158.78489,170.51051
Rat_assembly_Rosemarie,11.380807,11.079494,1.0052917,13,32.99,11.293772,5.4160984,1.4190234
Rat_education_Angelica,60.146717,49.824942,1.3101303,12,109.04,57.157009,14.470799,21.160645
Rat_lodging_Christine,62.557988,61.25082,1.2687047,15,145.38,62.18165,25.265432,21.026703
Bear_public_Orville,39.007952,32.913308,3.1575056,15,102.8,37.257592,21.09124,45.2163
Bear_education_Lidia,14.121977,9.4846543,1.7811467,14,36,12.787339,5.7829663,9.6317484
Bear_education_Nanette,115.49364,106.23685,1.8749481,15,279.8287,112.84086,37.559728,79.862744
Bear_education_Lewis,26.175063,16.858243,1.8162927,14,56.25,23.49365,9.8265535,17.59164
Bear_science_Alison,105.03704,99.447292,1.0865957,15,133,103.42971,8.8874506,11.454322
Bear_education_Darrell,45.61304,23.572169,3.1073808,11,101.4032,39.28298,26.063714,47.694329
Bear_education_Thuy,247.50285,188.95107,1.9373765,14,457.5731,230.68699,82.77839,168.09472
Bear_lodging_Erick,48.512181,48.561043,1.0093807,21,112.5217,48.526243,15.415288,15.035501
Bear_education_Mara,514.15603,489.6297,1.0929259,14,636.5,507.01432,38.874519,61.823284
Bear_education_Bulah,1342.2977,1310.903,1.1365721,14,1955.14,1333.2683,142.60171,247.01808
Bear_lodging_Evan,178.78839,166.88671,1.7671505,13,287,175.36305,48.838049,123.6718
Bear_education_Iris,51.24229,31.275503,1.8088588,13,115.4,45.5079,20.195892,37.512498
Bear_education_Rebecca,793.85979,751.45347,1.1629705,14,1060.7868,781.64533,85.465308,152.44066
Bear_education_Herb,14.441489,9.1936895,1.5533309,16,30.3127,12.930982,4.7318108,7.2249734
Bear_education_Tara,3.6420136,2.8028482,1.5680749,12,9.6375,3.4004575,1.314402,2.0738221
Bear_education_Augusta,132.46465,73.111295,1.9702418,13,254.7538,115.38137,58.419064,101.08173
Bear_education_Maryjane,335.85548,316.25168,1.2597303,15,534.25,330.22373,67.259082,104.60226
Bear_education_Curtis,71.207511,63.25111,1.2333516,15,111.25,68.914016,10.750767,19.915973
Bear_education_Arnold,0.55803139,0.49377752,1.016971,20,2.427,0.53944938,0.33330217,0.2392712
Bear_education_Chana,22.481792,18.660901,1.3620215,15,38.25,21.382126,5.1710101,8.213275
Bear_education_Sandy,6.933073,6.0301524,1.1221756,13,11.76,6.6717313,1.3306537,1.7823157
Bear_parking_Bridget,17.391898,14.752421,1.2165639,10,36.7203,16.626975,4.4861435,5.4983869
Bear_education_Holly,1.2853379,1.1558107,1.1270872,14,3.8792,1.2480077,0.56824759,0.29152832
Bear_education_Gavin,91.860836,85.264538,1.1208984,14,120.0715,89.96543,9.4845268,14.807157
Bear_education_Paola,168.52062,102.03922,1.7627112,14,396.848,149.4274,60.217918,102.87838
Bear_education_Santos,10.146795,4.5393339,2.8875154,15,44.9992,8.5329482,8.3523971,10.911756
Bear_parking_Bruce,42.743168,40.718663,0.97078427,22,55.884,42.160071,3.902747,3.8188071
Bear_education_Deena,9.2630035,7.238601,1.6425295,13,19.75,8.6791491,3.1249731,6.3449778
Bear_education_Lorie,407.66409,384.32215,1.2460943,13,635.04,400.94901,52.047071,111.6381
Bear_education_Merrill,23.429849,18.140894,1.7477416,15,58.5,21.88753,8.8517377,16.843714
Bear_education_Oscar,12.561986,9.5848244,1.7704548,15,24.9125,11.705002,4.0805713,8.9562633
Bear_assembly_Jose,266.70712,233.4683,1.6225269,13,533.25,257.14087,72.182009,159.07047
Bear_education_Marta,46.292476,31.262981,2.7837582,14,103,41.977518,23.02684,48.937584
Bear_lodging_Dannie,8.6190529,8.7149297,1.0002981,21,26.1,8.6466474,3.6780704,6.328913
Bear_education_Danna,121.37949,57.321825,1.4979896,13,229.75,102.98131,43.78225,55.371638
Bear_education_Destiny,132.0377,108.95736,1.9800966,12,316.9198,125.37888,50.875905,113.40647
Bear_education_Patricia,645.35621,600.19729,1.1748295,14,849.7478,632.35783,69.41408,133.5876
Bear_assembly_Danial,160.28973,161.56305,1.4813776,15,282.9155,160.65573,35.774342,77.192614
Bear_education_Lila,219.48102,202.0936,1.4824253,13,304.05,214.48742,42.8369,95.881782
Bear_education_Zandra,991.06171,949.53778,1.0802661,15,1283.75,979.09327,83.852529,99.306248
Bear_education_Elise,143.48874,149.7674,1.8309672,14,337.5135,145.29195,48.545566,91.182463
Bear_education_Bob,143.0246,92.692324,1.8398532,14,268.901,128.56935,49.563428,87.706462
Bear_education_Sharon,115.35488,104.42962,1.1964353,14,161.5,112.21772,13.745975,25.622201
Bear_education_Yuri,21.407716,9.4769671,3.3859837,14,50.925,17.974005,12.540345,23.046217
Bear_education_Wilton,1586.647,1514.2896,1.1502555,15,2343.4669,1565.9104,169.41537,295.78616
Bear_education_Fannie,435.70029,421.58812,1.1118597,15,631.375,431.63125,59.291951,72.71793
Bear_education_Chad,1015.1782,961.46437,1.2139467,14,1703.9808,999.73153,168.24688,251.10344
Bear_assembly_Genia,267.00525,246.17329,1.296832,20,613.51,261.08905,79.930974,157.3596
Bear_education_Derek,187.49937,176.5322,1.1659402,14,279.024,184.34698,26.79261,38.775187
Bear_education_Carlo,5.0587696,2.9206845,2.3140517,11,17.073,4.4426175,3.018502,5.5061542
Bear_education_Pattie,177.3868,161.41519,1.1671956,14,329.25,172.78906,34.004252,38.324814
Bear_science_Eleanor,37.604498,32.893482,1.5127951,15,91.525,36.247407,13.640548,21.668895
Bear_public_Jocelyn,51.891295,40.599452,1.378563,14,89.205,48.648318,11.878211,20.353392
Bear_assembly_Ruby,72.163749,62.327759,1.1798731,12,118,69.332756,13.230171,15.062002
Bear_public_Arlean,152.17793,128.48396,1.3900945,14,373.5,145.31291,48.796376,63.647387
Bear_education_Marsha,95.147975,70.282275,1.4193732,11,170.6403,88.021162,23.927562,40.193785
Bear_education_Chun,103.88075,93.250295,1.3691507,14,233.755,100.81532,29.21995,40.553051
Bear_education_Clint,59.523059,49.914199,1.2447901,13,89.5,56.756331,9.6948168,15.475025
Bear_education_Owen,160.18834,125.39083,2.4268889,11,269.568,150.19177,62.069841,128.75285
Bear_assembly_Harry,18.270279,16.30488,1.4817567,19,48.5033,17.703158,7.4991687,14.240015
Bear_education_Herman,0.3138892,0.21231189,1.4667982,10,0.9425,0.2846549,0.14143333,0.16661112
Bear_education_Deborah,1.6535236,0.97319583,1.2096674,11,4,1.4933406,0.74885602,1.1050913
Bear_education_Katy,133.34357,102.19265,1.6133597,14,295.6,124.40094,40.904685,75.241753
Bear_education_Laurette,51.789962,48.860072,1.0929523,11,65.7573,50.946007,4.4762371,5.6286723
Bear_education_Leonel,139.66697,67.09419,4.2082782,14,388.25,118.82608,86.691549,174.00886
Bear_education_Val,385.45252,347.12253,1.1778759,14,514.6207,374.44489,43.467549,76.250628
Bear_public_Lowell,213.30974,185.86245,1.3082762,14,338.25,205.42653,39.63091,75.753293
Bear_education_Marie,27.279969,15.083086,2.0069007,13,62.71,23.777067,12.396487,20.457935
Bear_education_Benjamin,1.2094867,1.132505,1.1920247,10,4.9,1.1871783,0.78463406,0.44604246
Bear_education_Austin,25.256975,10.87099,3.0257236,10,65.95,21.116638,14.694361,24.053247
Bear_education_Bonita,0.21044446,0.13189466,1.7451964,9,0.82,0.18761717,0.11636045,0.13381947
Bear_education_Wm,53.431494,42.617097,1.4052505,11,94,50.325107,12.390723,23.194121
Bear_education_Shelley,171.734,139.66108,1.8592139,13,306.5,162.52277,56.815397,123.09998
Bear_assembly_Roxy,15.364642,17.286241,0.93074481,23,75.398,15.917531,11.342586,4.3646768
Bear_education_Alvaro,425.6756,404.37607,1.2437417,15,600.5988,419.54198,61.716663,127.70708
Bear_utility_Sidney,52.649464,51.276756,1.0674143,8,65.0425,52.253625,3.7060209,7.1173317
Bear_parking_Gordon,27.879778,27.472346,1.0088254,8,29.946,27.762547,0.74193489,1.1335316
Bear_public_Valorie,205.76055,166.27347,1.9177981,15,421.5,194.42,82.840083,175.23604
Bear_education_Benita,524.99251,512.95513,1.1124809,14,732.041,521.53841,59.085586,78.847472
Bear_assembly_Beatrice,44.059404,40.246564,1.3389911,19,83,42.962056,15.632912,19.160284
Bear_assembly_Angel,512.14291,450.45896,1.7154588,13,1105.6,494.3364,172.02594,284.28576
Bear_education_Millie,3.4906056,3.2108097,0.93971084,3,5.755,3.4084882,0.6084281,0.52504169
Bear_assembly_Diana,0.91970964,0.70036408,1.6151154,10,2.514,0.8568836,0.35247031,0.5627563
Bear_education_Irene,95.305497,72.82212,1.0762386,14,197.5,88.834703,33.587569,12.714911
Bear_education_Wade,60.097751,39.375369,1.3139355,11,145.6,54.140923,23.660209,28.399702
Bear_education_Babara,376.26419,363.21521,1.1025207,15,512.3343,372.51055,38.480024,53.301157
Bear_education_Liliana,504.77287,468.02203,1.2457889,14,737.5081,494.10235,72.375229,133.92091
Bear_lodging_Esperanza,29.760732,29.363071,1.0848918,21,61.026,29.646392,8.0595415,11.448762
Bear_education_Alfredo,0.19726947,0.14124895,1.4755353,11,0.63,0.18113274,0.090092722,0.10339572
Bear_education_Yvette,11.947193,8.5887514,1.7642428,11,32.5,10.98029,4.5501958,7.7107875
Bear_education_Lashanda,80.164099,58.385487,2.5835594,16,179.65,73.896139,34.960821,70.346971
Bear_public_Rayna,125.23416,76.601965,3.0691016,14,235.15,111.26717,67.394671,133.245
Lamb_education_Daniel,9.0471379,4.7703454,2.4639719,12,40.021,7.8304768,7.6306297,11.223912
Lamb_education_Gabriel,8.3451926,3.9268777,2.6189551,12,39,7.0841156,9.0920613,8.0845816
Lamb_education_Domitila,66.250254,30.752406,2.3010651,11,239.6,56.04437,53.939961,62.80982
Lamb_education_Debby,11.024078,3.59836,3.9986566,13,71.6,8.878449,12.652198,15.421629
Lamb_education_Ira,3.650024,1.3587579,2.4471931,9,24.7,3.0424868,4.0234566,4.2155083
Lamb_education_Luz,87.689148,49.205676,1.8070578,10,252.5,76.624875,58.048342,61.434551
Lamb_education_Bert,7.6408971,2.9958279,2.8870042,12,31.5,6.2989254,6.7082075,9.4094891
Lamb_education_Nichol,1.8952571,0.63397656,3.4573889,13,18.5,1.5362813,2.9166394,4.1595318
Lamb_education_Traci,3.3604151,0.75893412,4.5721353,13,16.5,2.6487774,3.6987293,6.1149308
Lamb_health_Ken,18.521222,11.192395,1.821052,13,50,16.415813,11.395388,12.436498
Lamb_education_Camille,44.986722,20.040221,2.4428997,11,134.2,37.781676,31.56459,45.296737
Lamb_office_Caitlin,31.05334,9.0941619,3.4289567,9,166.95,24.744958,36.279279,33.290629
Lamb_office_William,1.6579432,1.3100668,1.3124711,8,11.2,1.557531,1.8753632,0.74331571
Lamb_office_Peggy,2.2231055,0.86326312,3.3177842,14,14,1.8313753,2.5809483,2.3645743
Lamb_education_Harold,5.1864583,2.1338544,2.3739597,9,42.8,4.3133723,6.8751809,6.4817266
Lamb_education_Renae,14.140436,14.080061,0.99645726,3,21,14.1229,1.9650387,0.20418813
Lamb_public_Angeline,21.847933,20.374829,2.3528547,13,126.1,21.425015,25.198947,23.527406
Lamb_office_Jo,1.2114684,1.019884,1.3038391,13,21.9,1.156229,1.8337035,0.43072846
Lamb_education_Darrel,49.989463,20.977292,2.3998179,11,192.73,41.647781,42.239181,51.328806
Lamb_office_Raymond,8.3164538,3.6263966,2.6605192,13,59.3,6.9655629,8.8916243,8.0522497
Lamb_assembly_Queen,1.2556675,1.1591932,1.6551581,15,10.5,1.2278762,1.1033052,1.0326895
Lamb_education_Felipe,31.72324,19.399683,1.8004501,11,163.5,28.18365,27.609581,24.536736
Lamb_public_Gracie,3.2596597,2.3184216,2.4745128,11,13.1,2.988272,3.0174638,2.9769144
Lamb_assembly_Elinor,22.039894,23.297125,0.82068674,6,138.6,22.401068,24.240593,8.8415869
Lamb_education_Rodrigo,40.29868,20.01586,1.9115888,11,122.01,34.466892,29.263371,29.383069
Lamb_education_Chet,2.7621929,1.3893911,2.25674,12,16.4,2.3654796,2.6089073,2.6231986
Lamb_education_Emery,45.6638,23.222945,2.0743558,10,214.5,39.230729,38.37269,42.513342
Lamb_education_Isabelle,13.677681,7.7300029,2.2944079,11,67,11.964554,14.279106,11.57642
Lamb_other_Katharina,7.96526,12.591912,1.0726658,9,73.9,9.2978879,10.377575,5.1869547
Lamb_education_Lawrence,8.7296215,3.6686256,2.4900835,11,51.44,7.2744661,8.4691422,11.307281
Lamb_assembly_Corliss,9.8384118,6.9938027,5.0684355,13,39.9,9.0190708,10.976795,13.087794
Lamb_education_Randal,10.692387,3.7887822,3.3390935,9,34.7,8.6979193,8.6567995,12.287834
Lamb_assembly_Nicole,1.9967062,0.86393991,2.755562,13,10.4,1.7039576,1.8891521,2.3539333
Lamb_office_Kerry,2.2810925,1.5533778,1.9040675,11,25.8,2.0739898,2.5577591,1.8720511
Lamb_industrial_Willard,1.9777765,1.9578927,1.0027972,12,4,1.9720322,1.2597045,0.070510949
Lamb_education_Faith,9.8701769,3.694389,3.2270471,13,53.2,8.0859769,8.4015167,11.655965
Lamb_education_Robin,44.285647,23.287709,2.2762164,11,193.1,38.247901,36.650849,42.751396
Lamb_education_Maritza,7.1227806,3.7340933,1.961904,9,22.7,6.1437807,4.6103481,6.0459854
Lamb_education_Hui,13.427048,4.4911465,3.2893406,11,106.4,10.853795,16.796738,15.852291
Lamb_public_Grace,43.783316,25.343484,4.0757462,13,147.64,38.480523,44.486225,57.492505
Lamb_education_Sara,38.026157,14.885502,2.9811063,10,220.4,31.378363,39.058998,47.546132
Lamb_education_Aldo,2.2721806,0.67020825,4.3480196,16,11.7,1.8514409,2.6252205,3.0097252
Lamb_assembly_Tawana,4.634204,3.6219472,1.3090144,18,19.7,4.3417169,3.2706564,1.8675912
Lamb_assembly_Katelyn,29.226644,25.323259,2.7652767,20,140.12,28.105289,25.253514,33.54513
Lamb_lodging_Harley,3.5664174,2.57017,1.7236032,13,25.4,3.2785561,3.2231237,2.5576642
Lamb_education_Maxwell,6.5784714,2.779459,2.3978694,11,57.5,5.4842308,7.7732451,7.8275034
Lamb_assembly_Dillon,21.408834,24.187971,0.85811028,22,125.1,22.207309,23.72973,10.836224
Lamb_education_Sabrina,4.306509,1.3928855,4.1168371,12,20.5,3.4671262,4.2280086,6.4112035
Lamb_office_Donita,0.3502555,0.33181194,1.0612809,10,5.2,0.34492418,0.38851353,0.13597167
Lamb_education_Gabrielle,5.7825117,2.0719047,2.8868576,12,31.418,4.7165371,5.9402722,6.3875116
Lamb_education_Alina,6.8704723,2.6634828,2.5643283,9,27.7,5.6782418,5.5470605,7.6001508
Lamb_assembly_Theresa,3.3827546,1.6012592,2.4086399,10,12.8,2.8679824,2.7530858,3.1664427
Lamb_education_Mckenzie,44.914142,21.831082,2.1153995,10,167.5,38.277219,37.011295,42.446024
Lamb_office_Maggie,3.0465741,1.1822732,3.6746196,14,29.9,2.5172381,4.1623163,4.6268589
Lamb_education_Stefan,8.9057606,3.0138259,3.2212885,11,56.9,7.2086894,10.931686,10.833474
Lamb_assembly_Dorathy,2.1217982,2.2523665,1.7033269,13,26.85,2.1591109,2.5429877,1.9011676
Lamb_education_Lemuel,9.7332326,5.1728089,1.9801152,10,50.6,8.4155181,9.1664647,9.070365
Lamb_education_Sylvester,3.9096714,1.4030444,3.0694906,13,15.6,3.1858228,3.4495327,4.7639043
Lamb_education_Philomena,44.232104,22.382502,1.9190816,11,182.92,37.958357,36.405666,32.808189
Lamb_education_Willetta,0.00039998401,0.06769377,0.84216781,22,17.84,0.019731988,0.53926907,0.012954583
Lamb_food_Sylvia,10.912681,10.148898,1.5123676,16,51,10.692284,14.98996,5.1969283
Lamb_office_Stefani,11.528427,8.0108251,1.9673424,12,35.81,10.523024,8.8864214,9.3869093
Lamb_assembly_Alden,1.2864501,1.1250733,1.1404634,17,14.1,1.239855,1.2175585,0.32090784
Lamb_education_Lucas,5.4441102,2.3411199,3.0087319,12,38.043,4.5526903,6.2648825,7.1664254
Lamb_public_Vania,18.840867,14.405119,1.1626359,9,96.9,17.583033,12.617976,4.0415393
Lamb_education_Lazaro,23.795787,9.5654643,2.7525631,12,126.5,19.707732,26.180643,23.955697
Lamb_assembly_Isa,2.025558,1.1711917,1.831569,14,11.173,1.7799778,1.7301993,1.575293
Lamb_industrial_Enrique,51.669244,52.140553,1.1510074,21,227.09,51.804641,44.487351,22.950339
Lamb_education_Rick,7.0984574,2.4418577,3.8881168,10,54.8,5.7572034,9.556533,10.312757
Lamb_assembly_Ethel,38.912742,29.494119,1.7199209,11,106.2,36.246942,23.93681,22.387151
Lamb_office_Corine,0.37567736,0.38440079,1.5360459,13,8.9,0.37815323,0.82244543,0.33612091
Lamb_warehouse_Allan,14.663039,10.955523,1.4133306,9,46.5,13.593135,10.762753,7.6233236
Lamb_industrial_Carla,154.0975,62.668705,1.2803312,8,386.3,127.83205,106.09711,79.369097
Lamb_assembly_Dorothy,39.754263,36.631839,2.0449242,13,134.38,38.85726,29.597738,34.958491
Lamb_education_Jane,11.822305,5.1141706,2.5764177,11,54.2,9.8815944,10.359798,12.00511
Lamb_education_Norris,12.044739,4.0966869,3.2922433,12,60.6,9.7512522,11.101967,15.341691
Lamb_office_Bertha,55.869506,32.90539,1.8242742,10,341.1,49.272427,57.772176,39.090595
Lamb_education_Leopoldo,8.4716898,2.7024572,3.2015727,12,43.9,6.8069222,9.1259926,9.9473761
Lamb_education_Kayla,9.6110705,4.3125904,2.7650964,11,75.3,8.0782763,8.7210605,11.306579
Lamb_education_Eula,1.9339208,0.76941016,3.2127023,12,54.6,1.5993829,4.7685287,2.2754902
Lamb_assembly_Jerry,2.8677901,0.8646807,3.5520802,12,27.4,2.2868068,3.2808692,3.0116158
Lamb_education_Williams,31.941961,12.559581,3.5512201,11,169.8,26.36907,33.313097,43.734446
Lamb_assembly_Zita,0.43595546,0.39129877,1.2019965,13,5.3,0.42320979,0.89925651,0.13408346
Lamb_education_Patsy,6.4375132,2.9851472,2.4699627,12,45.2,5.4431182,7.8245449,7.7908093
Lamb_assembly_Cesar,11.927328,5.8922978,2.5101372,10,56,10.18904,11.981525,12.367284
Lamb_education_Princess,8.0269806,3.1295184,2.5919531,12,52.5,6.6210978,9.2647901,8.0530678
Lamb_education_Kasha,7.1568637,2.2074275,6.0438661,9,44.9,5.7267857,9.3175443,11.449051
Lamb_education_Bettye,10.618112,4.1598419,3.2067294,13,57.82,8.7722056,11.566081,12.994423
Lamb_assembly_Cherie,58.64498,46.252586,2.6270831,11,146.6,55.084922,44.699221,52.272127
Lamb_public_Nyla,3.9670247,3.0933718,3.3585365,17,14.3,3.7157093,3.8976663,5.1339708
Lamb_education_Manuel,9.988848,6.0029186,4.0677978,11,51.1,8.8407692,11.137417,12.775898
Lamb_education_Heidi,9.1040005,3.8130633,3.0873175,11,40.7,7.580476,8.3634995,10.25164
Lamb_education_Nathan,5.2897567,1.9045417,3.319411,12,38.2,4.3115541,5.873027,6.8566423
Lamb_office_Gerardo,10.517586,4.3424876,2.3430008,12,64,8.7389547,10.921131,9.6114909
Lamb_education_Dwayne,7.163222,3.3278648,2.5001976,13,29.84,6.0683764,5.8882175,8.4646941
Lamb_office_Joanna,1.4656488,1.4400922,1.0745159,11,2.5,1.4585811,0.41599384,0.24182832
Lamb_education_Augustine,6.775118,2.274361,3.7581562,10,42.3,5.4787518,8.4535988,8.9421232
Lamb_education_Dolly,5.8724159,1.792804,4.0761411,13,36.6,4.6921883,6.4229241,8.4710526
Lamb_education_Phil,3.9977589,1.6690138,3.1950579,11,19.5,3.3248561,4.3017762,4.8002163
Lamb_assembly_Bertie,74.700888,71.776722,3.0630051,15,404.6,73.859977,70.910083,83.712361
Lamb_education_Felicia,5.4401658,2.5428565,2.2467413,11,27.8,4.6019028,4.6231099,4.7042502
Lamb_education_Mae,59.166457,32.337241,1.9234726,10,216.3,51.459022,45.495694,46.205709
Lamb_education_Junior,51.518943,26.63784,2.141186,11,197.8,44.358096,42.559026,44.410087
Lamb_education_Ruben,6.6904887,2.8628367,2.7565442,13,34.3,5.5845053,6.6333321,6.9841501
Lamb_education_Armando,48.852628,20.412061,2.2406044,11,192.5,40.682288,41.883303,49.089322
Lamb_education_Hilary,4.704488,1.7744931,2.9041443,10,33.4,3.8605048,5.8868686,4.9048617
Lamb_assembly_Eugenia,7.3965134,4.0625668,2.2749069,15,24.3,6.4303719,4.5710252,5.9165519
Lamb_education_Marc,12.153918,6.3142057,0.57818602,1,89.4,10.474367,15.479997,20.5817
Lamb_education_Marty,6.1822663,1.6034659,4.3025715,12,32.4,4.8595141,7.2125791,7.8440876
Lamb_assembly_Dudley,22.457898,21.158091,1.0212507,19,109.2,22.090623,16.095927,20.83948
Lamb_assembly_Kurt,1.7348626,1.1103691,2.0726961,9,10.9,1.5581114,1.5216207,1.2440564
Lamb_education_Larissa,8.141618,2.8350735,2.7855683,12,43.5,6.6072835,9.0789743,9.7399449
Lamb_education_Hillary,5.8136503,1.8652871,2.6353968,13,47.1,4.7306478,7.7252284,6.935883
Lamb_education_Carlton,14.518808,6.079924,2.8595957,12,64.5,12.089199,12.113218,15.994474
Lamb_public_Bradly,13.23619,8.6139865,2.764027,15,31,11.897438,7.8914349,13.489486
Lamb_education_Wilbert,9.7173947,2.3079488,4.6784741,11,69.2,7.5764676,12.301952,13.945377
Lamb_education_Sunny,7.8127104,2.8216512,3.5948043,13,37.35,6.3877956,7.5967445,10.837062
Lamb_office_Vasiliki,338.5569,215.72257,1.8028722,11,909.8,303.45636,198.35262,215.52975
Lamb_assembly_Librada,37.059458,16.927508,3.1890939,20,273.2,31.275998,39.793808,67.759422
Lamb_office_Kent,0.45832832,0.34993584,1.0773333,19,4.1,0.43045749,0.31506784,0.30249279
Lamb_assembly_Delilah,7.0298204,5.0342349,5.5483377,11,48.8,6.4550261,11.253994,11.106722
Lamb_office_Callie,3.4792203,3.1495487,1.3781724,10,9.85,3.3846839,2.4593951,1.5613717
Lamb_education_Salvador,8.4252256,3.1443874,3.2850401,13,49.5,6.897535,8.5853482,11.401549
Lamb_assembly_Steven,4.1206231,2.2385264,2.5567677,11,23.439,3.5815922,4.1750402,6.9396471
Lamb_industrial_Venessa,6.3684223,6.2677113,1.3431327,9,20.223,6.3395425,4.5898026,2.8191645
Lamb_lodging_Burt,2.3317069,1.3770891,1.867818,11,22.21,2.0567844,2.7800718,1.7439918
Lamb_education_Fred,10.381377,4.9372876,2.5628398,12,44.5,8.8085663,8.1629768,10.821606
Lamb_education_Moses,8.3699724,3.3707812,2.8803609,12,33,6.9256941,6.8517852,9.6065693
Lamb_education_Terina,93.408625,58.1407,1.7991212,11,324.5,83.264492,72.195583,65.633413
Lamb_education_Emilie,5.9991669,2.2180788,2.7491662,13,22.5,4.9105671,4.8064361,6.904386
Lamb_education_Garry,8.436213,2.9981234,3.2680727,12,50.5,6.8698641,10.811142,9.9784636
Lamb_assembly_Walter,3.4024314,1.2397083,2.3559501,7,20.2,2.7795652,4.1737918,3.8409602
Lamb_education_Logan,3.7339433,3.4492554,4.0703249,11,26.9,3.6533355,4.1631365,5.0128787
Lamb_education_Freddy,3.2002321,1.512451,2.636146,13,17.9,2.7130206,3.5905169,3.4203576
Lamb_education_Vaughn,7.6341417,2.894672,3.0806553,9,49,6.2665221,6.9854454,9.1150493
Lamb_education_Wanda,4.2751191,1.7856891,2.7798699,13,26.5,3.5558293,4.5159077,4.719708
Lamb_education_Hellen,4.2886488,1.7143232,3.0784248,11,21.4,3.5448747,3.8192693,5.9835036
Lamb_assembly_Tasha,9.2427629,8.8521265,1.0584205,13,40.6,9.1303945,12.173623,2.3351096
Lamb_education_Ellen,6.071215,2.8852964,2.5765068,12,30.6,5.1506577,6.0876408,6.6551088
Lamb_education_Antonio,45.81445,21.622972,2.2945704,11,186.83,38.858831,37.819293,44.856115
Lamb_other_Minerva,9.291483,8.1359579,1.8564813,11,44.1,8.9571704,8.0692032,9.9923977
Lamb_assembly_Louis,17.558498,13.515355,1.2359376,7,104.95,16.401101,16.412806,22.482373
Lamb_assembly_Ossie,4.2799244,2.2225773,2.8930967,11,27.07,3.687273,4.588164,4.3675037
Lamb_assembly_Rosa,97.024653,145.58435,17.551218,14,965.15,110.97477,203.08589,312.48842
Lamb_education_Hubert,8.3141222,4.5956137,1.2426684,23,49.3,7.2433753,9.8457728,9.0999833
Lamb_office_Velma,98.717913,72.285758,1.7574882,11,272.3,91.123678,59.474857,69.614978
Peacock_office_Elton,163.5779,145.31769,1.1954281,14,230.2167,158.32705,21.842396,35.492409
Peacock_assembly_Mamie,139.28982,127.15605,1.4418554,19,207.0333,135.78793,31.443436,75.900241
Peacock_lodging_Sergio,95.445348,98.119986,1.2078166,19,174.1388,96.213692,21.335368,39.205627
Peacock_education_Weldon,673.68788,622.67117,1.1576672,15,877.3612,658.8442,80.842703,116.84155
Peacock_education_Bianca,177.13649,156.28746,1.1439337,10,243.05,171.15277,22.769647,26.100636
Peacock_lodging_Chloe,31.8741,32.598176,1.169956,22,75.65,32.082474,10.425823,14.309728
Peacock_education_Karyn,475.59486,463.03029,1.0480381,14,555.4,471.98213,23.556154,36.764203
Peacock_lodging_Lou,119.09444,114.61096,1.129249,20,179.6,117.80695,17.393361,30.487231
Peacock_education_Patience,29.762759,21.159564,1.5825233,14,55.8,27.291665,9.6041589,15.764039
Peacock_office_Major,208.81592,193.24314,1.1544205,9,296.9833,204.28088,26.026987,35.362547
Peacock_education_Karl,82.564509,72.334904,1.3187975,15,129.886,79.632112,15.603205,31.322182
Peacock_office_Burl,61.866637,55.861327,1.09516,14,95.1833,60.141245,8.8425582,7.2591704
Peacock_education_Lyle,700.13776,589.46998,1.4218513,13,1162.1833,668.34618,139.1764,299.20553
Peacock_office_Dara,165.7189,154.72952,2.4285931,14,340.9333,162.55629,64.079058,138.18155
Peacock_office_Julian,27.121945,18.898669,1.9968231,13,64.6833,24.759975,10.910978,19.493232
Peacock_education_Anita,12.733853,8.6985276,1.66874,21,32.7833,11.572636,4.5554098,6.1168375
Peacock_office_Norman,38.797983,30.4444,1.3348208,14,72.2833,36.397352,9.1811199,13.712059
Peacock_office_Naomi,171.89598,166.09507,1.758887,12,287.05,170.18527,55.505698,114.54469
Peacock_lodging_Nova,18.830924,19.46158,1.1370847,22,52.1667,19.012058,7.6502997,9.4853439
Peacock_education_Robbie,46.383355,37.78934,1.4894722,11,104.15,43.915883,15.54659,22.771114
Peacock_lodging_Terrie,40.074985,40.592259,1.0544686,22,80.15,40.223875,8.77205,11.933459
Peacock_education_Pasquale,188.92741,179.33036,1.0792155,11,228.6,186.1666,13.102728,19.670859
Peacock_education_Joshua,473.40507,443.49148,1.0832258,15,589.05,464.76919,36.056862,49.241348
Peacock_lodging_Mathew,54.38685,55.27546,1.0363198,22,102.15,54.642741,12.425645,15.069922
Peacock_assembly_Socorro,23.397908,18.625641,1.6863132,15,96.4111,22.027092,19.081735,15.950924
Peacock_public_Linda,30.991115,31.081638,0.91476449,21,59.2833,31.017956,7.5448833,15.061495
Peacock_education_Dustin,47.811977,41.662454,1.6609741,11,82.8333,46.042522,12.753207,29.640036
Peacock_assembly_Dena,249.98239,215.12536,1.6428965,14,406.95,239.95126,68.244151,156.11093
Peacock_education_Forest,90.294946,84.152316,1.4441053,13,162.45,88.527325,18.230286,42.178051
Peacock_education_Gilberto,1048.0539,977.4412,1.1579656,15,1411.0001,1027.766,95.004763,217.45457
Peacock_office_Jonathon,37.989564,28.631735,1.348524,14,74.35,35.263934,9.5183059,14.801229
Peacock_education_Shelly,115.51155,108.91437,1.1011607,14,144.2167,113.59754,9.1017379,15.275135
Peacock_lodging_Francesca,38.533921,38.87022,1.0938,22,72.3333,38.630582,9.1892225,11.27223
Peacock_office_Glenn,72.977568,50.944272,2.1748138,13,195.3167,66.601762,32.896751,74.291053
Peacock_lodging_Jamaal,218.45517,210.53177,1.3926866,18,349.5667,216.17934,50.646396,97.642951
Peacock_public_Kelvin,297.33493,253.0077,1.6018869,11,593.4,284.60283,79.636734,158.14513
Peacock_education_Ophelia,707.18785,680.14432,1.0685219,14,836.45,699.42014,42.418206,61.804421
Peacock_office_Effie,94.027966,71.858181,1.7651192,11,180.15,87.657978,29.724501,59.595319
Peacock_office_Annie,85.216289,55.175494,1.5798902,9,194,76.585235,34.843678,58.274462
Peacock_lodging_Matthew,59.386176,60.064454,1.0026515,22,90.6667,59.581064,9.5143874,12.827927
Peacock_assembly_Russ,140.47088,134.48813,1.1615001,18,188.5333,138.74882,21.492839,31.270693
Peacock_education_Yolanda,39.074,33.599562,1.4843977,13,58.7589,37.502206,8.0605258,17.022357
Peacock_education_Lucie,887.19554,832.60467,1.1148922,14,1150.7333,871.30358,96.993273,129.81722
Peacock_lodging_James,60.00508,60.867243,1.096378,22,107.8,60.253548,13.525092,16.778117
Peacock_lodging_Wes,162.04744,161.22203,1.2774313,13,274.7833,161.81036,32.426393,51.343283
Moose_education_Maria,784.41278,694.21529,1.1358692,11,1499.7929,758.68939,195.6983,138.12854
Moose_education_Florence,376.90114,190.80654,1.6870966,11,713.8783,323.75814,164.25492,261.86381
Moose_education_Marlon,206.16438,132.37666,1.4217081,12,571.4505,185.01114,71.327061,110.1999
Moose_education_Diane,1525.8157,1405.5766,1.0478595,10,1999.7238,1491.6386,163.53848,143.67713
Moose_education_Marina,43.362395,33.209603,1.2782779,11,93.6417,40.451823,10.231978,17.139053
Moose_education_Rene,579.86042,238.71135,2.0537961,11,1614.9874,482.06084,303.93117,505.34627
Moose_education_Lori,200.32639,201.10911,0.94970459,6,318.8808,200.55013,37.22227,17.285585
Moose_education_Leland,1485.5855,965.26899,1.4133182,14,4861.6956,1336.3302,998.88577,748.8526
Moose_education_Clark,922.64683,652.73415,1.4822601,11,1457.3095,845.26909,286.26653,505.97691
Moose_education_Abbie,1323.1696,1064.3311,1.2007607,11,2026.7933,1248.9623,254.98327,392.26538
Moose_education_Gladys,1211.1481,886.3621,1.3874647,11,1670.3874,1118.3069,295.16772,544.78295
Moose_education_Sasha,2.4151677,2.5436497,0.67493243,22,12.4056,2.4519127,1.2254654,1.2973942
Moose_education_Ricardo,325.27297,268.24869,1.1940596,11,462.2393,308.89117,57.752732,83.746675
Gator_public_Nettie,15.539075,16.031157,0.99997822,2,35.6667,15.682315,4.0737563,0.0023970953
Gator_assembly_Selma,1.6550767,1.2681945,0.99995159,2,8.25,1.5472633,1.2977763,0.00052571434
Gator_public_Marcie,93.255312,94.426743,1.0000037,0,245,93.591334,32.674773,0.0024026102
Gator_assembly_Beryl,1.2084969,1.1254771,1.0000552,0,3.9167,1.1853519,0.77233292,0.00045883902
Gator_public_Lindsey,26.598488,26.550312,1.0000124,8,75,26.584481,8.6790484,0.0023181677
Gator_public_Clara,12.421917,10.760155,0.99982654,2,24.2917,11.944826,4.7055165,0.014542015
Gator_public_Marissa,14.095949,14.345977,0.9999877,2,25,14.167161,3.7036946,0.001222886
Gator_public_Maude,103.57004,102.89188,0.9999505,2,212.5,103.37341,22.466267,0.035909751
Gator_assembly_Erich,21.054724,19.800918,1.1099266,14,39.59,20.692178,3.9813628,6.0765726
Gator_assembly_Marjorie,46.980906,54.013756,0.99986712,2,97.9167,48.999648,15.968097,0.045692055
Gator_public_Kenny,92.944902,81.96175,1.0000459,8,492.7491,89.803339,39.688137,0.028934114
Gator_other_Reginald,55.581232,52.885526,0.99989817,2,110.8333,54.803786,18.932068,0.039169442
Gator_assembly_Loyce,20.863462,21.155803,0.99998375,2,40.75,20.947319,5.1161843,0.0023889459
Gator_assembly_Blanca,710.16584,770.93359,0.99975087,2,1867.8333,727.62079,248.33347,1.2721766
Gator_office_Carrie,959.47705,937.40151,0.99978228,2,1745.375,953.19036,179.93468,1.4577295
Gator_assembly_Maurine,14.256988,6.8518413,0.99967805,2,195.5417,12.129819,15.304757,0.027409216
Gator_public_Latasha,19.087343,19.727176,0.99993129,2,41.6667,19.272029,5.4695952,0.0092818814
Gator_other_Cassandra,24.229557,22.897716,0.99990585,2,76.3946,23.843986,13.397072,0.015753167
Gator_public_Dewey,6.2985255,6.5309443,1.0000217,0,9.7083,6.3657845,1.4849812,0.0009672296
Gator_assembly_Stacy,0.25715575,0.28725385,1,8,1.8333,0.26595606,0.47783955,1.110223e-16
Gator_assembly_Lucia,5.5049403,6.5595865,1.0001069,0,13.3333,5.8098511,1.7939533,0.0043522892
Gator_assembly_Joni,4.2825365,3.82289,0.99990319,2,40.7917,4.1494504,4.134045,0.0028191713
Gator_public_Cheri,17.27601,17.734215,0.99997735,2,51.6667,17.407259,5.6003713,0.0027664116
Gator_public_Everette,101.7948,101.55432,0.99965174,2,349.9167,101.72581,40.601208,0.24866739
Gator_other_Glen,2.9443311,2.9221495,1,0,6.7917,2.9380595,0.92510423,0
Gator_public_Beulah,7.45634,7.6689958,0.99999202,2,13.75,7.5175549,2.3799697,0.00042101692
Gator_assembly_Virgie,0.38635391,0.4046617,0.99970552,2,1.0833,0.39162793,0.11631012,0.00080942573
Gator_public_Geraldine,20.895917,21.505771,0.99998899,2,39.6667,21.071523,6.0372287,0.0016287567
Gator_public_Jayme,96.514497,97.439631,1.0000116,8,236.2917,96.781563,28.653029,0.0078790576
Gator_office_August,59.907101,55.283148,1,0,118.75,58.587013,18.87642,2.1316282e-14
Gator_assembly_Lera,0.49006263,0.50838598,0.99966675,2,1.7083,0.49484119,0.4564465,0.0011571618
Gator_assembly_Daisy,2.8490996,2.824651,1,0,12.625,2.8421247,1.1742452,0
Gator_public_Erika,6.4163201,6.5378759,0.99999091,2,14.9167,6.4508906,1.6386551,0.00041093988
Gator_assembly_Elliot,,0.3333,1,0,0.3333,0.3333,0,0
Gator_assembly_Roy,6.8287463,10.094419,1,0,39.4167,8.0286912,8.3809381,0
Gator_public_Noe,56.456352,56.49447,1.0000004,8,169.6667,56.467335,19.779109,0.00016034791
Gator_public_Leroy,21.095286,21.042912,0.99988726,2,45.5833,21.08021,7.9871299,0.016677573
Gator_other_Minda,6.2285303,4.5241681,0.99973211,2,25.6667,5.7326799,4.6189749,0.01078069
Gator_other_Elfriede,49.682467,49.516014,0.9999228,2,301.2083,49.634484,32.474222,0.026888082
Gator_public_Natasha,137.64686,92.088029,0.99988588,2,469.1667,124.59397,66.933917,0.0996605
Gator_public_Philip,2.603905,2.6246997,1.000007,16,6.75,2.6098454,1.2847896,0.00012779323
Gator_assembly_Lelia,3.599727,3.3013972,0.99992526,2,9.5833,3.5148779,1.7799521,0.0018412648
Gator_office_Lisa,184.351,189.69432,1.0000368,0,414.1667,185.88055,39.909381,0.047986454
Gator_office_Merle,1.3098712,1.25006,0.99991011,2,3.2083,1.2924171,0.59480322,0.00081435025
Gator_office_Betty,31.544858,28.54596,0.99988102,2,68.5833,30.682606,9.2524705,0.025620685
Gator_office_Hunter,39.747512,37.972391,0.99989663,2,56.7687,39.229368,11.166147,0.02846126
Gator_assembly_Kimberly,1412.0862,1518.4066,0.99995698,2,4373.1667,1442.6481,455.0477,0.43546065
Gator_public_Tiffany,14.436245,14.877757,1.0000115,0,27.6667,14.562633,3.7198445,0.0011722274
Gator_public_Alexandra,23.955815,23.018871,0.99999444,2,58.75,23.68566,11.134257,0.00092258839
Gator_assembly_Regina,17.816963,18.854958,0.99986,2,51.9167,18.117385,7.9115748,0.017801319
Gator_public_Dionna,17.71677,18.152274,1.0000525,8,38.3333,17.841344,5.1873074,0.0065749142
Gator_other_Russel,10.559859,10.503093,1,0,20.8333,10.543157,2.7566209,1.7763568e-15
Gator_office_Julie,8.1496902,7.4279804,0.99988416,2,15.3333,7.9363037,2.8966278,0.00645194
Gator_public_Randall,60.243386,61.292605,0.99996138,2,105.5417,60.544559,20.820689,0.016405751
Gator_other_Samuel,8.5196988,2.2804817,1.6936109,12,40.92,6.7132921,5.825279,9.2048052
Gator_public_Lona,1.5419323,1.4068574,0.99974357,2,5.25,1.5028276,0.92113434,0.0027050385
Gator_assembly_Milton,0.67056158,0.90560295,1.0021994,0,7.0417,0.74105034,0.88772395,0.011425347
Gator_assembly_Kayleigh,7.7067578,6.0561656,0.99975195,2,36.6667,7.2292967,7.6984201,0.01258729
Gator_assembly_Enid,7.7908419,8.0443538,0.99964788,2,16.0417,7.8637143,2.371019,0.019435104
Gator_assembly_Bailey,0.96008319,0.95643985,0.99976894,2,3,0.9590056,0.67387182,0.0015553145
Gator_office_Lucy,216.20561,212.70821,1.0003356,0,837.1667,215.19393,191.64965,0.50664338
Gator_assembly_Alexa,0.33321339,0.34621516,0.99994643,2,0.8333,0.33700933,0.14878437,0.00012681189
Gator_assembly_Hue,5.7323657,3.6165226,1.1489523,16,59.4498,5.116433,7.2601782,5.3592045
Gator_public_Jolene,6.2397395,6.7839519,1,0,16.1667,6.3927992,2.016287,0
Gator_other_Gertrude,2.3796297,2.31569,0.99995341,2,6.3333,2.3612325,1.3788399,0.00077103809
Gator_public_Ross,8.2761301,8.4713079,0.99996442,2,29.1667,8.3323491,3.4352714,0.0020781912
Gator_warehouse_Constance,15.229334,12.39425,0.99980731,2,35,14.401486,7.0287302,0.019476266
Gator_public_Kendall,16.842524,16.830482,0.99998123,2,45.125,16.839072,4.1244666,0.0022183767
Gator_assembly_Lilli,2.5281476,2.723306,1.0000849,0,6.0833,2.5841351,0.80950769,0.0015403844
Gator_public_Dale,41.784606,42.454037,1.0000674,16,107.0833,41.9768,14.459961,0.019846457
Gator_public_Janna,92.941805,95.882855,1.0000056,8,190.8333,93.786179,23.657488,0.0037139333
Gator_warehouse_Stacie,19.691615,19.533989,0.99991406,2,45,19.64616,6.4364994,0.011850199
Gator_other_Refugio,0.27498157,0.2650922,0.99995687,2,1.0833,0.27210132,0.16367166,8.2252478e-05
Gator_assembly_Gene,23.062326,21.972498,1.0000015,0,37.9167,22.744965,7.6708444,0.00024435128
Bull_office_Anne,21.594151,18.618921,1.090235,14,59,20.747791,2.5553248,2.6240806
Bull_education_Magaret,77.37433,57.620351,1.6204219,15,342,71.757553,29.164917,49.10712
Bull_office_Myron,66.036947,58.027961,1.7142258,14,284,63.77177,16.904121,39.694884
Bull_education_Myra,50.952396,41.038572,1.7457963,15,356,48.141975,17.853714,32.666796
Bull_education_Dakota,61.058128,41.396199,2.1934911,14,274,55.478546,23.265911,46.113034
Bull_education_Dan,182.92784,162.14712,1.1859319,15,968,177.01946,27.4807,41.908822
Bull_lodging_Anibal,24.057529,24.238999,0.9848947,23,147,24.109238,7.1816604,7.8307041
Bull_education_Luke,317.11197,257.96812,1.3541249,13,1925,300.30205,73.472793,133.5845
Bull_lodging_Melissa,255.24337,243.9762,1.1257982,22,1344,252.04016,43.88956,65.995915
Bull_education_Delia,864.71425,811.76766,1.1193163,1,55077,849.80212,751.73876,246.21076
Bull_education_Bryon,37.81489,29.428382,1.5992285,15,129,35.433896,9.9609667,20.260795
Bull_education_Juan,232.71586,184.04274,1.6032328,15,1499,218.91996,66.310759,116.36465
Bull_office_Ella,74.803696,68.952755,0.88603388,1,1842,73.140533,40.798964,32.945846
Bull_lodging_Charlotte,10.665773,10.518635,1.1285961,18,62.64,10.624009,6.0920581,5.8516581
Bull_education_Clarita,353.11363,320.04039,1.1763009,16,5447,343.73187,101.15887,78.550726
Bull_lodging_Caren,142.23894,141.79832,1.0262117,23,748,142.11383,32.051523,38.50506
Bull_education_Kristal,417.69572,383.59144,1.1554205,15,2207,408.002,47.861844,83.171341
Bull_education_Clarice,32.622935,29.219044,1.1380729,15,91,31.656768,6.08646,5.3654181
Bull_assembly_Amalia,583.96446,516.20351,1.2243419,13,3962,564.70538,129.77429,145.60201
Bull_education_Arthur,413.31546,387.77207,1.2460488,15,2223,406.05549,55.099149,120.16367
Bull_assembly_Lesa,11.044838,9.8714753,1.6906201,16,34,10.711072,3.8913453,7.2755019
Bull_education_Roland,242.10722,212.67131,1.6334313,15,1508,233.75564,60.170617,131.12381
Bull_education_Joseph,127.5047,103.19385,1.564428,13,653.08,120.63033,35.484818,64.011171
Bull_office_Lilla,480.15235,433.64208,1.3260618,13,2677,466.95269,81.330758,163.25917
Bull_education_Summer,33.355432,26.153038,1.3208903,15,125,31.309106,7.5202514,12.062152
Bull_assembly_Newton,4.130778,3.3313336,1.4058895,16,23,3.9105815,2.5461445,2.1832983
Bull_services_Juanita,127.64572,125.96894,0.76990436,22,625,127.17012,20.847908,40.785917
Bull_education_Shona,191.63439,187.71451,1.0122256,10,2152,190.52528,27.304137,7.0901508
Bull_lodging_Allen,9.4114008,9.2459338,1.2069725,18,58.32,9.3644398,6.0213229,6.3842636
Bull_office_Efren,57.653401,35.17398,1.9425769,12,2081,51.272751,40.237854,44.672562
Bull_lodging_Lettie,34.749817,33.552309,0.94998798,23,109,34.409342,6.8404333,8.5851955
Bull_lodging_Travis,849.97968,842.1645,1.0090267,1,12576,847.76145,304.65838,270.38235
Bull_lodging_Danielle,28.485124,28.70342,0.95483292,1,785,28.546827,18.09824,18.486944
Bull_public_Jefferson,41.454361,31.38302,1.4590599,15,150,38.595528,12.588666,19.521066
Bull_education_Barry,1008.5306,975.7626,1.0750737,15,11019,999.2217,162.42196,103.08808
Bull_lodging_Leonard,34.271325,34.593175,1.0671712,23,114,34.362823,6.6588158,7.8168044
Bull_education_Dania,43.332847,35.53065,1.3070805,14,124,41.118258,8.9516351,14.217395
Bull_education_Reynaldo,33.917409,28.681586,1.422849,16,137,32.431653,9.3913722,14.338963
Bull_education_Reina,84.204529,70.0802,1.3484221,12,404,80.189166,20.046494,31.561781
Bull_assembly_Freddie,233.73866,200.89181,1.4269091,15,1098,224.40073,73.489145,108.32505
Bull_education_Genie,132.37109,106.50828,1.5725537,13,509,125.02076,33.384121,66.28684
Bull_education_Tracey,203.43962,153.49612,1.559323,13,1247,189.26275,54.165848,98.055392
Bull_education_Lydia,109.26941,95.322194,1.2264176,14,1207,105.29808,34.953241,30.087301
Bull_education_Mario,112.05675,82.675215,1.7654067,13,557,103.71898,36.088101,66.6456
Bull_public_Hyun,460.02792,410.84226,1.1249899,15,3895,446.04589,74.260298,75.535762
Bull_assembly_Brandon,78.165978,74.196159,1.1615657,17,336,77.038589,17.361558,15.130849
Bull_lodging_Dave,334.49229,310.95535,1.2467221,13,2110,327.80221,66.037265,100.31547
Bull_education_Linnie,213.06726,150.19238,1.6140039,13,1456,195.1969,68.281908,140.52278
Bull_assembly_Dorethea,20.169292,18.068962,1.2452177,10,73,19.572022,6.5276758,10.164723
Bull_services_Winford,47.691709,46.939109,0.71025358,23,204,47.477816,12.542331,17.679219
Bull_education_Miranda,171.01697,157.5188,1.1735745,14,947,167.17917,24.515756,35.773155
Bull_education_Roseann,254.85673,242.64375,1.1352159,10,1257,251.36609,27.476655,43.039563
Bull_lodging_Carie,55.065823,55.579689,1.0056327,23,190,55.211908,7.7996972,10.442801
Bull_lodging_Graciela,12.166981,12.021821,0.76634609,0,34.5,12.125403,2.4736843,4.7329587
Bull_education_Racheal,611.50146,516.86494,1.2793897,15,4744,584.60222,106.3066,188.93983
Bull_lodging_Xavier,9.3400032,9.3359706,1.176546,18,62.4,9.3388587,5.7829366,6.331253
Bull_education_Geneva,31.993066,27.274453,1.4195518,16,166,30.656241,12.71627,14.47016
Bull_assembly_Goldie,62.941167,46.936964,1.3958424,13,253,58.391909,17.98908,30.83988
Bull_education_Krista,300.53278,253.49785,1.641855,15,1245,287.16524,79.258743,167.04002
Bull_assembly_Gerri,157.07742,132.29557,1.945674,17,908,150.03308,60.044994,106.13309
Bull_education_Patrina,19.039776,16.585206,1.5522375,15,71,18.341893,5.6440862,9.4297207
Bull_education_Lyn,26.536266,22.736923,1.4264741,22,103,25.454717,6.6685208,14.065917
Bull_lodging_Abby,13.25071,13.539385,1.0317448,23,33.5,13.332786,2.08443,2.1788785
Bull_office_Mai,6.206886,6.182339,0.91979322,5,21,6.2000331,2.9123146,0.73078023
Bull_office_Claudia,34.087707,31.593277,0.9739787,7,104,33.379683,2.6901838,4.1887138
Bull_services_Jeanmarie,46.436754,41.851321,1.0568141,10,192,45.136063,12.185139,4.8253521
Bull_assembly_Gigi,371.69252,339.29517,1.3476224,19,4428,362.51223,130.05077,142.12711
Bull_office_Rob,297.75345,219.39321,1.54803,14,3170,275.61413,88.581877,148.65025
Bull_services_Rachelle,108.29087,97.071005,1.1553899,16,427,105.10195,22.720187,19.173547
Bull_education_Jeffery,561.57847,555.98937,0.9517135,1,30268,559.99743,403.34158,216.15346
Bull_education_Dora,122.2426,95.580107,1.9004917,12,816,114.70677,41.819062,77.585096
Bull_education_Jae,540.41089,510.37372,1.0894923,15,3154,531.87221,57.20276,67.809714
Bull_education_Hayley,174.64622,156.74234,1.2638437,15,991,169.55727,28.553955,52.366699
Bull_assembly_Beau,522.41466,530.74796,1.2964526,15,3909,524.77972,210.32834,180.2496
Bull_education_Pablo,41.36599,30.536984,1.8549121,14,165,38.287266,13.327736,27.367409
Bull_education_Pamela,186.65957,156.13139,1.5314576,13,888,177.9949,39.623994,87.49953
Bull_office_Trevor,55.531046,43.701271,1.3111155,14,2249,52.179458,33.354442,21.088681
Bull_assembly_Katia,126.52375,132.44145,1.1112298,19,1741,128.1961,93.154311,80.896159
Bull_education_Antonia,491.75647,459.5794,1.1569582,13,4071,482.67248,128.59225,100.54186
Bull_office_Debbie,32.593722,21.886289,1.8391255,14,126,29.545489,11.504839,22.05377
Bull_office_Chantel,150.39374,136.14839,1.2276267,13,1035,146.35675,36.547765,36.973806
Bull_education_Venita,40.149651,33.302615,1.3823185,15,141,38.203241,8.2074888,15.558894
Bull_education_Brain,386.65872,347.04036,1.1523571,15,2165,375.39966,52.548,75.807871
Bull_education_Fabiola,198.51992,155.28361,1.6064905,14,1188,186.23126,50.32426,101.67026
Bull_education_Sebastian,41.395147,31.155701,1.6871045,12,150,38.484375,11.828334,23.393781
Bull_education_Olive,72.918,53.78065,1.7331466,15,423,67.476236,26.585607,41.006431
Bull_office_Sally,98.26285,73.319235,1.6222429,12,4336,91.222842,78.975818,64.670088
Bull_education_Matilda,98.036953,88.959036,1.2272466,1,2349,95.482318,59.62841,40.067642
Bull_education_Elva,61.070683,53.99765,1.2362431,13,225,59.06341,10.046658,18.157053
Bull_education_Carl,642.32882,597.94872,1.1088839,15,5372,629.71176,85.812224,94.046295
Bull_education_Nichole,214.0761,164.67808,1.4043253,13,1249,200.03696,48.305544,80.062779
Bull_lodging_Jeremiah,62.749006,50.175725,1.4007705,13,245,59.174171,18.582026,27.72684
Bull_assembly_Lance,458.34831,435.47724,1.0893015,1,10725,451.84444,247.54227,190.13213
Bull_education_Annette,139.63691,129.59224,1.0846238,1,10114,136.74794,149.6605,48.475962
Bull_education_Violeta,149.95983,104.5694,1.5043381,12,963,137.02287,101.69905,61.7967
Bull_education_Stewart,129.38264,116.8819,1.1779996,15,697,125.83502,19.465005,31.200391
Bull_assembly_Nathanial,224.12972,199.18909,1.3682798,15,2218,217.01683,48.32035,83.210511
Bull_lodging_Terence,25.906837,26.2287,0.84536247,1,575,25.998162,13.284945,14.771705
Bull_lodging_Perry,52.865344,53.142726,0.99173144,23,205,52.944068,10.37129,12.783957
Bull_assembly_Nick,954.87595,936.15577,1.2216431,11,11624,949.56722,209.48211,259.36533
Bull_lodging_Elena,6.3941301,6.5699326,1.0018637,23,16.5,6.44412,1.7630368,1.6897097
Bull_education_Brady,37.775285,23.444115,2.078124,12,163,33.707736,15.312064,29.006268
Bull_education_Nolan,69.568572,59.616673,1.3132814,14,235,66.744462,12.899951,22.278409
Bull_education_Mervin,191.13957,176.11688,1.2316022,15,866,186.86956,33.835269,54.660791
Bull_education_Lenny,37.203475,31.956162,1.32442,13,122,35.711517,7.6217458,12.187039
Bull_assembly_Vanessa,138.62018,127.0188,1.4099886,14,600,135.32722,32.349713,56.80452
Bull_services_Nadine,120.3278,118.45321,0.86021651,21,577,119.79556,17.782924,24.675855
Bull_education_Dottie,1404.1201,1310.5829,1.1097645,1,221228,1377.5508,2358.1783,536.35263
Bull_education_Nina,258.41741,230.8459,1.1668294,13,1316,250.58261,34.646584,53.703526
Bull_assembly_Daryl,38.446138,36.816522,0.82863642,7,330,37.983061,30.307619,25.191027
Bull_education_Gregory,79.995536,55.023805,1.4685138,13,381,72.895986,22.028158,35.394433
Bull_office_Ivette,25.279935,20.2922,1.3089126,17,87,23.866947,5.5112315,10.259142
Bull_education_Kendra,494.04221,402.74764,1.4679729,13,3764,468.13243,123.80573,228.08957
Bull_office_Nicolas,21.237427,18.082164,0.71787978,0,61,20.343201,4.8939086,8.4697577
Bull_lodging_Hugo,72.022626,72.954982,1.0014142,1,1140,72.287684,25.647461,22.252353
Bull_office_Yvonne,177.54477,135.65754,1.5590761,13,699,165.63539,45.418334,86.450239
Bull_education_Brandi,30.745444,20.529117,1.6756313,12,115,27.845456,10.663995,17.765886
Bull_education_Brenda,152.4924,132.79329,1.2218493,15,638.4002,146.89415,28.655938,44.848579
Bull_office_Hilton,6.7447853,6.0338633,1.1287244,11,16,6.543063,1.1267935,1.1945088
Bull_education_Bernice,323.91566,307.82908,1.0368591,1,7900.44,319.33634,184.10395,123.08535
Bull_assembly_Maren,320.37171,303.44462,1.0263846,1,10295,315.5442,241.63613,236.45669
Bull_education_Miquel,271.34842,224.35932,1.5564641,14,1649,257.99469,65.894097,139.96282
Bull_office_Marco,56.640997,49.338377,1.5100615,15,794,54.574859,25.446835,33.127168
Bobcat_office_Nikita,42.907311,28.343922,1.4939845,15,118.5017,38.712107,16.936241,23.199467
Bobcat_education_Toni,29.029732,22.864873,1.6958482,11,69.38,27.252788,8.918689,17.235562
Bobcat_office_Kassandra,60.84219,34.253844,1.7160867,9,226.5,53.261133,28.65157,43.433985
Bobcat_office_Melody,51.858088,45.93713,1.1423079,14,115.13,50.146654,12.247931,8.8697139
Bobcat_assembly_Camilla,19.865989,19.452854,1.1194228,18,47.37,19.746808,3.7373262,3.3799336
Bobcat_lodging_Nickolas,47.506021,46.808865,1.0534274,21,94,47.305367,10.554064,7.2341394
Bobcat_education_Seth,410.59657,367.56198,1.1178049,10,720.2,398.05842,62.868339,69.144441
Bobcat_education_Hollis,156.03235,131.8145,1.2339525,11,349.4887,149.06896,25.740191,37.899192
Bobcat_lodging_Melaine,43.04167,41.461691,1.100945,20,84.0001,42.586951,8.7979079,10.235116
Bobcat_assembly_Franklin,163.99909,141.30517,1.8795714,13,729.0002,157.45734,91.489934,112.55855
Bobcat_education_Coleman,134.23966,90.603332,1.7268015,11,395.25,121.77368,44.608023,79.743477
Bobcat_assembly_Billy,145.04353,111.77309,1.4822395,11,440.4894,135.38146,39.435965,70.645789
Bobcat_lodging_Darin,131.91588,129.07245,1.2649055,18,299.0001,131.09741,34.205698,58.54188
Bobcat_education_Jayne,70.360826,34.245855,2.0113883,10,249.36,59.944261,34.352838,51.838655
Bobcat_education_Karin,48.043713,32.634107,1.4709287,11,165.87,43.539126,18.043928,21.549666
Bobcat_education_Rosalva,86.057282,62.413692,1.6158246,10,254.75,79.273558,28.380922,49.051859
Bobcat_education_Rodrick,65.554975,52.500108,1.6139501,10,189.8,61.784978,21.691258,39.057206
Bobcat_public_Angie,290.40798,221.09332,1.6840794,13,585.8101,270.34137,81.244545,175.39831
Bobcat_education_Emile,12.996179,11.737768,1.1383368,6,56.0003,12.618449,6.2665929,8.1003472
Bobcat_other_Jovita,33.858159,27.804017,1.5164343,15,680,32.125227,42.569663,19.038511
Bobcat_office_Justine,20.657549,17.685146,1.0083291,7,95,19.800249,8.9363606,14.157616
Bobcat_education_Miki,70.356959,60.363146,1.4013341,14,461.5,67.473405,33.039119,28.085087
Bobcat_education_Alissa,66.801095,44.651305,1.5868082,11,403.5,60.434239,21.827353,36.594142
Bobcat_education_Monte,24.753547,13.303436,1.9188172,11,99.2535,21.476391,11.405819,18.938383
Bobcat_education_Barbra,68.559684,69.833325,0.79115463,6,95.9,69.115455,13.15751,29.584995
Bobcat_science_Tammy,82.477444,55.23792,1.6233292,11,328.5599,74.574042,58.191558,44.237496
Bobcat_office_Alma,4.6717715,3.761865,1.3751488,16,16,4.4110178,1.8363263,2.1675987
Bobcat_education_Marisha,70.552607,53.239113,1.3370659,12,310.5,65.573605,26.905972,23.449802
Bobcat_assembly_Adam,73.077307,64.440134,1.2402255,19,241.25,70.606871,19.697853,24.360124
Bobcat_warehouse_Charlie,9.7914571,7.6333333,0.88147218,5,17,8.8698384,1.9360151,4.6316182
Bobcat_education_Dylan,145.34529,110.33297,1.4926237,11,355.5,135.22771,38.077347,72.584014
Bobcat_education_Whitney,399.55768,267.71736,1.6572967,11,1367.9998,361.83171,155.29626,255.28598
Bobcat_other_Howard,53.04362,49.429873,1.1148739,6,1564.1668,51.99662,118.39372,192.60643
Bobcat_other_Timothy,20.229674,17.728194,0.71120066,7,100.6,19.509174,8.1116038,12.491068
Bobcat_education_Angela,88.814352,76.798419,1.3159085,11,203.3702,85.354148,24.320392,34.384819
Crow_education_Omer,360.26103,280.43125,1.9078405,13,918,337.46093,116.56938,247.75779
Crow_education_Keisha,304.77702,273.24124,1.3944214,14,462.375,295.78452,51.614499,115.66872
Crow_education_Kate,77.887384,65.428587,1.5505776,13,135.562,74.3637,19.599938,40.17978
Crow_education_Winston,327.11076,287.25838,1.266818,13,658.5,315.78013,124.84263,96.83781
Crow_education_Marlin,229.21471,199.79436,1.4203377,15,711,220.81869,133.98255,92.265505
Shrew_office_Sherill,343.57533,213.06265,1.598157,13,625.5,306.19062,109.78617,181.41739
Shrew_office_Rose,11.254305,8.9420207,1.6190941,15,29.8,10.59043,3.747138,6.8557221
Shrew_office_Nora,194.95102,138.226,1.8924475,13,393.1,178.70242,68.149138,145.52148
Shrew_office_Katherine,59.908109,45.833594,1.2611555,8,107.9,55.866197,12.215938,20.573333
Shrew_office_Ila,160.95246,118.52039,1.390666,11,294.5,148.79801,40.242428,61.730691
Shrew_office_Doug,80.787408,62.685119,1.3449309,14,123.6,75.583799,17.128086,27.429283
Shrew_office_Doris,214.19241,151.03173,1.4380562,13,375.9,196.10035,54.158344,99.918159
Shrew_office_Lin,404.78974,303.78034,1.4234861,13,695.2,375.87147,91.366717,161.59821
Shrew_office_Kenneth,31.059353,22.415699,1.2898158,11,91.6,28.577073,13.224002,11.103846
Swan_unknown_Rocco,387.00133,371.69948,1.0628981,16,18845.737,382.64136,312.12924,80.772602
Swan_unknown_Bette,41.172756,26.020314,1.4652516,11,196.0834,36.865806,12.615592,19.787968
Swan_unknown_Allison,8.9110234,4.7709647,2.1334883,12,31.5912,7.733629,4.1809632,7.0266183
Swan_unknown_Christoper,32.198049,22.592617,1.6678429,11,145.9733,29.468119,11.63978,20.983095
Swan_unknown_Jerold,293.14336,272.11741,1.1038612,8,14030.678,287.13556,172.98195,50.566289
Swan_unknown_Valeria,58.647457,53.573506,1.1103589,10,328.2876,57.205737,8.277183,9.4252836
Swan_unknown_Isaiah,126.94066,70.846736,1.9963286,10,1894.4297,111.00399,55.357606,88.699926
Swan_unknown_Esteban,128.40018,88.302671,1.2670244,12,1979.4806,116.93824,41.237826,38.04406
Swan_unknown_Wendy,76.880082,66.637559,2.2320323,17,562.8642,73.970452,25.741972,65.341379
Swan_unknown_Douglas,268.76772,240.58952,1.2373073,17,4596.9614,260.73839,73.578401,70.958343
Swan_unknown_Rudy,225.56037,213.32426,1.0736348,16,10094.769,222.07327,128.18194,49.296243
Swan_unknown_Noelia,20.593938,14.473214,2.1653827,15,99.0202,18.854492,8.2690175,15.551625
Swan_unknown_Raquel,143.88155,120.72193,1.3429589,10,1703.7017,137.30098,35.699596,52.634655
Swan_unknown_Tom,43.616962,19.834694,2.0927974,15,200.3421,36.859463,20.654993,33.699414
Swan_unknown_Ike,43.42802,20.154945,1.9262938,15,291.6189,36.817528,18.923503,33.737955
Swan_unknown_Reyna,95.33653,58.666933,1.8388165,15,565.2133,84.916002,36.741993,71.072035
Swan_unknown_Andres,136.74374,129.52865,1.5803736,15,365.0917,134.66727,32.5044,73.158439
Swan_unknown_Fabian,35.423425,27.909785,1.4960436,15,148.3975,33.287997,9.4494292,16.504387
Swan_unknown_Jan,334.85475,297.9841,1.1263693,17,5821.6689,324.37522,89.839453,58.935481
Wolf_assembly_Sallie,272.31314,242.17003,1.7896613,13,453.0125,263.69218,86.093166,188.10168
Wolf_education_Cody,26.614106,18.723597,2.5852232,10,137.4325,24.352214,22.84251,28.204719
Wolf_office_Darleen,46.645553,35.013892,1.8496611,12,92,43.304509,18.991719,32.295486
Wolf_education_Roderick,5.4348018,4.3611972,0.72813252,22,18.2625,5.1263172,2.7988717,3.3217921
Wolf_education_Anisa,255.33586,199.63346,1.6117292,9,821.83,239.35475,148.64416,202.81127
Wolf_education_Dolores,38.67196,28.180096,2.2908507,10,102.315,35.656589,20.282564,35.652157
Wolf_retail_Toshia,78.774312,51.620869,2.7634589,11,206.44,70.974837,50.630391,91.620144
Wolf_education_Katie,28.488881,22.190552,1.7662264,11,69.245,26.679664,11.22622,18.935181
Wolf_public_Norma,156.90425,121.15011,2.1919783,13,330.0017,146.63434,73.034467,141.90682
Wolf_education_Miguel,38.153535,27.563067,1.7904198,10,109.69,35.110172,17.040206,26.785097
Wolf_education_Tammie,86.040026,75.217568,1.5400558,14,148.485,82.931678,21.980628,43.356806
Wolf_office_Rochelle,17.671457,12.209386,2.1976777,11,45.35,16.101026,8.8998399,15.788286
Wolf_education_Laurinda,234.39674,174.35787,2.0648356,10,502.8475,217.15135,107.67248,196.10224
Wolf_education_Vivian,78.128072,54.467549,1.9717487,11,171.26,71.331117,36.14501,58.181864
Wolf_office_Cary,257.9554,212.02104,1.6268225,12,428.86,244.76952,78.825577,147.04756
Wolf_office_Joana,15.741474,12.538846,1.0564401,11,30.58,14.82135,4.9802496,3.4600527
Wolf_office_Emanuel,16.241656,12.225243,1.4049547,10,45.545,15.087862,6.2875786,7.4314471
Wolf_education_Dorris,329.33684,293.28849,1.3751443,15,539.045,318.98388,69.506663,128.46567
Wolf_office_Bobbie,29.12526,21.867093,1.7403279,11,57.82,27.040208,11.675264,19.789381
Wolf_education_Cheryl,141.27334,106.13151,1.9722748,12,363.7575,131.1793,63.10187,110.67918
Wolf_education_Arnulfo,38.898077,28.976198,1.6394882,12,98.7175,36.056896,17.398787,22.557506
Wolf_education_Clarissa,54.838514,47.443071,1.4329917,14,102.215,52.714448,13.720003,24.055407
Wolf_office_Nadia,78.295319,64.32335,1.513831,12,162.755,74.282391,22.493181,39.216966
Wolf_education_Loren,245.28055,195.734,1.6042978,11,453.865,231.05015,83.005144,140.12091
Wolf_science_Alfreda,82.696187,78.244794,1.1261898,12,124.375,81.417144,11.86584,13.006228
Wolf_office_Elisabeth,137.03746,131.208,1.1318959,13,180.595,135.36292,14.230952,24.080304
Wolf_education_Joaquin,72.822179,68.230393,1.1577307,15,103.2125,71.503098,10.564434,13.441638
Wolf_education_Tori,396.15676,329.62234,1.5664534,12,796.07,377.04343,120.16671,213.45729
Wolf_assembly_Elaine,40.272162,32.005099,1.8396592,20,191.235,37.864209,25.884086,42.913391
Wolf_education_Ursula,150.26938,118.75749,1.6646274,13,314.8,141.21748,54.106273,95.47235
Wolf_education_Bobby,106.63025,80.437023,1.7992683,10,268.61,99.127802,44.700966,73.608692
Wolf_retail_Marcella,7.6069042,5.5092107,1.6160984,16,22.645,7.0043688,3.2378912,4.5595793
Wolf_education_Josefa,8.8249388,5.7469618,2.3953653,9,25.695,7.94133,5.1372031,8.6321306
Wolf_retail_Harriett,47.235971,39.311978,1.8469779,13,130.6375,44.957707,18.825132,34.533126
Wolf_education_Eulalia,75.811802,53.59113,2.9614924,11,301.0325,69.42811,43.540822,79.065663
Wolf_office_Haydee,9.5036941,6.4652277,2.2227889,13,43.37,8.6308842,5.9482528,9.2056293
Hog_education_Hallie,67.02038,61.467969,1.1373772,14,89.16,65.425747,6.7971074,11.891354
Hog_education_Wayne,175.84045,138.24012,1.3747488,13,340.95,165.03532,39.415823,65.849085
Hog_other_Noma,26.165728,25.703491,1.0407617,11,49.107,26.032938,5.5645541,1.5867503
Hog_office_Mari,58.815479,41.820891,2.4496553,15,244.246,53.933034,33.871011,52.945394
Hog_services_Adrianna,250.12909,247.54278,1.0029554,9,716.665,249.3861,93.126858,6.7875841
Hog_office_Carri,37.606633,28.28661,1.4939141,13,97.05,34.918011,13.023814,18.973823
Hog_lodging_Shanti,270.96805,252.6654,1.2600321,18,668.76,265.7101,75.529402,84.986577
Hog_education_Jordan,110.17253,98.091202,2.0892373,16,219.761,106.70183,35.757104,86.257144
Hog_office_Bryan,108.70712,73.655713,1.6047388,12,193.5,98.619685,34.343032,55.796704
Hog_warehouse_Louise,13.978005,6.5702381,3.0311532,14,44,11.849798,8.8171587,14.232558
Hog_office_Judith,328.24007,302.40132,1.1273891,14,621,320.76625,35.114482,49.40458
Hog_other_Tobias,37.871791,36.577773,1.0299071,18,76.7,37.500048,12.499384,20.771549
Hog_parking_Antoinette,19.552267,16.914683,1.2641497,14,41,18.794505,5.3307634,5.9870041
Hog_office_Lavon,294.68388,203.66078,1.6895317,17,3008.786,268.53497,435.63753,226.76631
Hog_education_Darryl,7.6025407,6.4100469,1.422971,16,22.95,7.2585004,2.3630915,3.2225993
Hog_office_Alisha,12.436163,12.136356,1.1178031,11,22.9,12.3501,2.3236474,1.6858534
Hog_office_Almeda,68.337953,44.213025,1.7181293,11,139.668,61.407399,23.973179,47.263862
Hog_office_Cornell,1497.8422,1309.6589,1.4479049,15,5022.14,1443.8437,457.28564,654.4485
Hog_office_Sonny,253.68194,231.2609,1.2591726,17,490.106,247.19794,59.929465,70.227381
Hog_office_Roger,264.93788,249.3701,1.1045261,15,464.46,260.46377,52.495534,37.270969
Hog_office_Merilyn,31.31246,27.44937,1.1345817,12,59.502,30.20268,8.6997077,6.0829022
Hog_office_Elizbeth,144.14644,123.68401,1.2523031,14,243.401,138.26533,21.964284,40.117864
Hog_office_Marlena,103.26896,30.05539,3.9782815,12,334.352,82.28474,69.130518,113.64545
Hog_assembly_Marilynn,,,,,,,,
Hog_education_Donnie,85.641003,81.698678,4.5085717,17,311.129,84.508461,71.483436,110.17966
Hog_office_Shawnna,444.64741,338.08369,1.9522809,14,988.348,414.03403,157.16217,305.68135
Hog_office_Valda,33.238762,18.552914,2.1636681,12,99.207,29.019846,15.33698,26.904398
Hog_office_Candi,328.84465,261.5058,1.4029857,12,506.147,309.46546,79.874204,119.86007
Hog_office_Corey,134.50206,72.157222,1.3695441,12,469.382,116.64838,43.953637,66.884021
Hog_office_Cordelia,29.304423,17.88697,2.6913583,13,85.895,26.024256,15.318924,27.478663
Hog_office_Thomas,51.640494,48.80874,1.9516425,22,278,50.830273,59.439388,79.900781
Hog_office_Sung,49.921959,41.753131,1.2596774,15,101.362,47.542748,12.553017,15.066373
Hog_public_Kevin,594.90944,433.89729,2.2358916,16,2402.693,548.65424,365.00443,517.6501
Hog_lodging_Shonda,109.20595,106.80853,1.2487977,18,212,108.51719,22.473631,38.923393
Hog_office_Marlene,53.280664,26.316199,2.3010137,15,161.015,45.547763,26.172432,44.555339
Hog_assembly_Edward,5.9815992,4.5790724,2.0510547,12,19.8,5.5739087,2.4933617,4.2893487
Hog_education_Casandra,1098.8482,1030.7934,1.1389029,16,2261.611,1079.2976,401.18155,221.03814
Hog_services_Marshall,83.055238,70.008793,1.2443294,15,161.586,79.303315,22.833553,23.825635
Hog_assembly_Letha,614.99172,618.55407,1.1454614,17,1201.455,615.97653,116.8008,108.88534
Hog_office_Sarah,459.62304,433.83505,1.1101467,15,613.077,452.2164,34.064595,63.998169
Hog_other_Lynette,3.1039305,2.9626465,1.0661151,15,7.1,3.0633552,0.77172712,0.25124974
Hog_assembly_Annemarie,65.253165,58.4375,1.1415532,8,80,62.677165,6.9673228,13.7
Hog_office_Sydney,130.55495,114.30967,1.4713395,12,208.18,125.88804,25.443596,52.323908
Hog_parking_Joan,0.905,,,22,1.06,0.905,0.2192031,0.31
Hog_office_Mack,92.14899,76.182468,1.2648026,15,255.083,87.569302,21.053747,27.847309
Hog_office_Clemencia,82.114409,69.478469,1.2310339,14,436.751,78.485863,14.498759,21.103913
Hog_office_Terry,747.7621,667.44232,1.3854,16,2818,724.67486,519.81141,327.31056
Hog_office_Buford,1.5407973,1.5162471,0.99677758,22,4.857,1.5336895,0.67406801,0.036780693
Hog_office_Patrick,11.800856,8.5631627,1.6008404,14,28.862,10.870368,4.4073908,6.8841546
Hog_office_Shawna,159.32409,100.15206,2.673593,14,314.391,142.32528,73.418703,143.16391
Hog_science_Max,153.65547,136.54065,1.1397705,15,328,148.74719,17.113709,25.261888
Hog_warehouse_Porsha,11.634086,11.56231,0.10722702,2,45.071,11.613463,10.681326,21.369924
Hog_education_Janell,3511.4296,3193.7477,1.1904609,15,8894,3420.0834,1218.4019,836.38585
Hog_lodging_Mauricio,226.91761,215.40873,1.1454253,17,409,223.61099,70.288205,47.835841
Hog_office_Miriam,24.648692,19.076712,1.6613843,13,44.405,23.047986,7.241552,13.441424
Hog_health_Kesha,253.5079,227.8785,1.2006824,12,434.697,246.14615,29.933766,57.203356
Hog_office_Guadalupe,52.610893,33.642262,1.8524432,12,139,47.161318,21.880177,34.484268
Hog_warehouse_Rosanna,21.226072,20.587522,1.1008195,17,52.587,21.04202,6.6362773,3.4801235
Hog_education_Madge,96.669568,72.769163,1.597657,12,158.113,89.803515,24.935274,44.407804
Hog_office_Migdalia,37.747745,23.957698,1.6301484,12,94.126,33.785946,13.153378,20.161242
Hog_food_Morgan,65.047553,59.330488,1.7429404,13,145.258,63.405168,28.228121,44.272709
Hog_services_Joe,32.316322,18.171282,1.7258233,14,102.047,28.250783,14.27915,21.264356
Hog_industrial_Quentin,129.10056,62.059536,2.0127358,14,320.259,109.84117,73.80076,91.347028
Hog_office_Elsy,29.3172,21.910812,1.317906,15,58.611,27.18854,7.3689534,10.042692
Hog_assembly_Una,,,,,,,,
Hog_education_Rachael,77.932217,67.307133,1.2168248,15,170.823,74.879867,24.389542,22.96316
Hog_office_Nia,1872.8384,1665.7772,1.4610059,15,44336.461,1813.3837,958.18439,828.38791
Hog_office_Joey,1255.726,1058.5215,1.2719713,16,3566.656,1199.0784,542.47743,407.09784
Hog_assembly_Colette,367.72747,342.27715,1.6166397,16,1286.352,360.41616,174.58335,208.39249
Hog_education_Josh,160.96306,138.49484,1.6500651,16,426.926,154.48467,65.166511,94.877607
Hog_office_Napoleon,136.02347,111.85723,1.5913976,14,258.602,129.08105,33.619714,64.145637
Hog_office_Lanell,156.77377,104.97345,2.3362937,13,444.826,141.89099,66.811257,137.38584
Hog_education_Beth,115.84633,87.3693,1.7535678,14,264.745,107.66225,35.904171,69.512113
Hog_office_Concetta,18.043123,6.9012978,3.0941186,15,73,14.825838,12.315198,17.255717
Hog_office_Bessie,85.740803,58.31746,1.8226784,15,187,77.862688,29.003909,53.025992
Hog_office_Randi,107.56686,60.068089,2.0483663,14,322,93.919191,54.235952,73.619456
Hog_office_Marilyn,39.688075,32.661509,1.2824074,15,84.236,37.672988,12.006716,13.944447
Hog_assembly_Arlie,,,,,,,,
Hog_office_Catharine,449.92672,415.67394,1.2236457,15,1059.216,440.1216,134.97611,114.35402
Hog_office_Gustavo,560.35935,459.09936,1.489914,12,1205.446,531.26961,357.84917,238.45433
Hog_office_Darline,192.82962,189.40449,1.015769,14,434.72,191.84806,23.227882,6.6252804
Hog_education_Sonia,647.50864,572.97206,1.2812571,11,929.933,626.09404,86.695587,180.19
Hog_office_Rolando,315.81948,295.09881,1.1025668,16,853,309.86656,164.72218,42.170999
Hog_office_Bill,304.00778,258.20963,1.2570176,15,595.904,290.85099,95.279162,84.322584
Hog_office_Man,64.459131,56.807317,1.2582343,16,101.016,62.260996,10.62485,19.621026
Hog_office_Mike,70.573674,51.990687,1.3752584,14,163.837,65.235196,18.851074,25.956722
Hog_office_Charla,185.82976,170.99127,1.2153597,14,265.565,181.5682,22.380053,38.364482
Hog_office_Simon,22.261078,12.531349,2.2476079,12,55,19.465625,10.154159,18.214774
Hog_office_Betsy,683.44162,581.27208,1.4888271,16,2522.584,654.09059,482.46704,337.55185
Hog_lodging_Ora,224.23673,212.1361,1.2148184,19,431.72,220.76049,62.693934,70.890492
Hog_industrial_Mariah,16.871849,15.791789,1.5459145,17,36.976,16.561571,5.9989945,10.952882
Hog_office_Elnora,699.41165,657.43795,1.0393365,15,1033.64,687.35525,105.63657,53.176607
Hog_office_Elke,73.990394,42.169841,2.116537,12,141,64.842802,30.003082,54.066347
Hog_education_Luvenia,492.2632,421.17352,1.2580514,14,813.914,471.73071,93.157146,137.56317
Hog_education_Cathleen,566.07441,485.2728,1.0989053,14,951,542.86877,66.050141,61.091262
Hog_office_Mary,36.951462,19.848305,2.0339132,12,78.47,32.038106,14.514696,23.328081
Hog_office_Alexis,22.853333,11.055402,2.2602622,14,73.862,19.463664,13.140588,18.563177
Hog_health_Hisako,213.66411,188.05221,1.2328454,13,310.838,206.30595,28.03627,54.6571
Hog_parking_Marcus,89.065991,77.348582,1.0840938,9,244.441,85.69655,42.671461,11.823683
Hog_parking_Bernardo,68.020877,54.37996,1.6047228,13,124,64.101699,19.34881,36.716826
Hog_office_Leanne,138.61355,116.3614,1.3202412,14,201.842,132.22281,23.728462,46.173005
Hog_office_Josefina,190.69046,158.66508,1.3646161,15,291.389,181.48976,34.725309,65.876888
Hog_office_Nancie,71.266875,40.021802,1.9770035,12,158.636,62.287525,31.126234,51.547822
Hog_education_Jared,15.94909,8.3169898,2.2436399,13,47.342,13.760599,8.1075822,12.500863
Hog_health_Jenny,190.91695,158.94142,1.2724422,11,342.647,181.72896,33.024137,55.946356
Hog_office_Leon,7.2116132,5.1731548,2.3260996,11,22.1,6.6259762,3.2231279,6.1274966
Hog_office_Shon,85.427264,59.700938,1.5274236,15,166.485,78.036664,24.979419,40.028884
Hog_office_Corie,96.734363,68.239683,2.0520856,15,212,88.547543,34.259957,65.809166
Hog_education_Bruno,271.2143,244.12567,1.2076263,14,500.607,263.43455,35.614777,62.578026
Hog_parking_Jean,56.902443,55.841826,0.98566441,8,192.692,56.597751,43.881713,8.770316
Hog_industrial_Jeremy,44.8363,42.799559,3.3603883,8,99.703,44.25119,26.069843,56.964655
Hog_lodging_Nikki,58.67912,59.129796,1.0832933,22,131.192,58.808589,17.462156,21.611502
Hog_office_Catalina,57.382259,41.699492,1.6208438,15,410.179,52.885511,40.54908,29.809104
Hog_lodging_Celeste,96.516628,94.312625,1.0390802,22,179.175,95.883646,21.292628,28.43026
Hog_services_Kerrie,21.128553,15.397991,1.2973506,15,44.664,19.48229,5.6047521,6.3408673
Hog_education_Caridad,1426.593,1299.0687,1.2697728,17,5654.505,1390.1554,683.1237,476.844
Hog_education_Roberto,219.45133,146.61428,1.7150947,13,391,198.52448,70.992021,126.13554
Hog_lodging_Retha,364.90871,349.23154,1.0924354,18,823.906,360.42952,63.472435,68.498629
Hog_education_George,221.52415,198.89919,1.1674095,15,374.162,215.02129,29.659496,45.485384
Hog_public_Octavia,203.6364,175.34393,1.417786,14,338.192,195.50861,43.675986,91.060213
Hog_office_Lizzie,92.640267,81.571749,2.3843085,15,166.928,89.460529,35.069505,79.936253
Hog_assembly_Maribel,872.71458,753.82718,1.4804849,16,1691,838.55504,228.46592,411.09166
Hog_parking_Cliff,103.64415,100.85462,1.1077433,17,201.621,102.84164,23.992284,39.397526
Hog_industrial_Jay,233.18178,229.84209,1.7905411,9,378.904,232.22233,70.676745,148.33463
Hog_office_Myles,59.276323,35.682164,1.7696361,12,130.521,52.498247,23.951797,39.69116
Hog_education_Jewel,68.670053,57.047585,1.4642336,15,132.187,65.331177,19.660101,28.875623
Hog_parking_Jeana,29.95064,25.356586,1.2225969,16,93.057,28.633152,11.898191,12.528242
Hog_lodging_Francisco,165.95076,149.38471,1.4827345,19,325.005,161.1917,52.370971,84.466122
Hog_education_Leandro,488.87497,439.28007,1.3108354,15,818.696,474.59001,80.47633,163.17338
Hog_assembly_Dona,297.73068,283.43562,1.5556291,19,645.649,293.62403,90.954895,174.48518
Hog_industrial_Joanne,155.2299,138.1993,2.9283668,8,340.919,150.33739,76.327154,173.92862
Hog_lodging_Brian,106.36799,103.36905,1.1337948,22,226,105.50641,29.220821,37.634747
Hog_parking_Shannon,115.9109,101.52804,1.1930785,18,381.767,111.77902,46.095859,25.357897
Hog_office_Eloise,332.76787,305.11257,1.372076,12,506.047,324.82424,48.975151,112.20547
Hog_office_Byron,1008.1444,812.00172,1.3435626,13,1816.289,951.94605,193.81824,339.25411
Hog_public_Gerard,59.373473,48.587227,1.9433079,15,106.434,56.274825,20.745705,45.26475
Hog_assembly_Pedro,226.87418,223.59015,1.709456,16,727.425,225.93115,116.0584,159.08905
Hog_office_Sherrie,47.56297,25.906106,1.8257726,15,141.118,41.341436,21.530808,29.64081
Hog_education_Odell,543.58435,505.86368,1.0898083,15,772.093,532.73503,56.225191,67.812952
Hog_education_Robert,608.41132,428.26039,1.7327819,15,1420.832,556.66671,209.09228,386.52284
Hog_lodging_Edgar,134.6906,117.71852,1.1474198,17,280,129.82211,47.560055,33.490558
Hog_public_Brad,1018.773,952.46984,1.1089654,16,1325.537,999.72226,91.294832,162.0866
Hog_office_Emmanuel,28.716462,26.106795,1.6031793,11,70.519,27.968231,6.9724289,15.619826
Hog_education_Haywood,140.87353,134.05093,1.0580371,12,359.263,138.91682,8.4832837,10.3361
Hog_public_Crystal,317.85327,256.16535,1.8774303,15,697.105,300.1317,120.26341,201.505
Hog_office_Cortney,89.98912,38.493051,2.7203821,14,192.265,75.261638,47.833784,81.703228
Hog_office_Vera,129.0675,73.118651,1.9346127,11,374,112.99373,50.54155,82.705198
Hog_office_Richelle,93.931439,64.203594,1.6772517,12,153.733,85.3925,27.250558,52.503536
Hog_lodging_Hal,148.85681,145.42449,1.0998611,22,420.935,147.87078,56.736239,40.10403
Hog_assembly_Jasmine,90.61977,71.209145,1.572754,16,157.718,85.04353,25.428871,46.611614
Hog_office_Garrett,424.02153,301.76726,1.9480714,15,1271.343,388.8846,195.21852,295.31093
Hog_office_Denita,66.627022,36.800991,2.4247855,15,141.458,58.058669,29.454647,55.778077
Eagle_office_Lamont,34.138271,28.691222,1.1971906,16,67.3974,32.571708,7.1581182,11.205644
Eagle_health_Athena,381.07352,315.62908,1.1613439,17,719.8281,362.18901,124.16958,226.18348
Eagle_office_Ryan,27.882439,22.664003,1.308514,16,65,26.374416,7.755618,13.101607
Eagle_assembly_Herbert,75.430502,52.293854,1.0913997,20,175.5,68.761602,33.695007,57.88389
Eagle_public_Alvin,110.08982,94.530857,1.0892859,18,192.722,105.60814,21.012948,42.575849
Eagle_education_Raul,667.758,632.48257,1.0516087,16,839.9879,657.62348,53.957768,82.243681
Eagle_education_Roman,705.15563,665.52717,1.066598,16,902,693.73412,56.48339,93.726872
Eagle_office_Mandi,17.727447,16.034015,1.0840428,17,23.2032,17.238026,1.8877793,3.1493155
Eagle_office_Elia,148.76106,120.8907,1.2891323,19,301.6349,140.67105,51.903741,94.647548
Eagle_education_Jewell,251.09591,225.75064,1.0403623,19,468.9927,243.78219,30.265633,37.074512
Eagle_office_Henriette,30.818657,26.740018,1.1762491,19,60,29.645289,8.0031951,9.7749879
Eagle_health_Margo,60.481214,52.615916,1.1207211,18,82.1219,58.209797,8.0971726,15.350347
Eagle_health_Reba,423.28545,376.38263,1.1000749,19,688.18,409.77195,64.892138,89.724315
Eagle_lodging_Edgardo,50.491317,48.792441,0.84221822,2,102.76,50.001563,14.637232,17.039476
Eagle_office_Sonya,186.70095,170.40791,1.1642933,16,306,182.00397,34.975949,75.5114
Eagle_education_Cassie,68.745635,64.029485,1.0426428,19,170.25,67.384019,23.443484,8.7470228
Eagle_food_Jennifer,100.90785,92.398121,1.2208505,23,514.9383,98.446863,68.416402,78.580278
Eagle_office_Yadira,139.97479,110.50546,1.2774087,16,270.8196,131.50478,47.784764,101.83377
Eagle_education_Peter,1584.8937,1479.9744,1.0666702,18,1989.0695,1554.7334,164.3295,282.87285
Eagle_health_Gregoria,597.35468,545.08001,1.0679595,16,759.3842,582.31919,58.13969,84.379388
Eagle_lodging_Dawn,74.453463,72.740444,0.86725988,2,139.3522,73.959291,18.059445,19.770595
Eagle_education_Shanna,304.50073,280.29005,1.0376062,20,529,297.52406,57.06987,47.110439
Eagle_office_Nereida,174.84314,145.36164,1.1386453,17,254.3625,166.35005,32.080242,47.568158
Eagle_health_Lucinda,573.07195,569.6846,0.99411821,20,951,572.09924,58.07939,16.202435
Eagle_assembly_Noel,,,,,,,,
Eagle_lodging_Tressa,65.221944,64.902917,0.87910604,2,130,65.129974,13.042701,15.442759
Eagle_lodging_Garland,,,,,,,,
Eagle_education_Eileen,44.726361,38.624218,1.079207,18,77.4435,42.962524,9.2295826,14.303782
Eagle_office_Bridgett,201.55242,180.43495,1.0657794,19,350.7107,195.46552,37.517561,52.624336
Eagle_office_Efrain,49.400374,45.565526,1.0913067,19,112.1115,48.294796,16.218276,24.221994
Eagle_education_Lino,194.04703,176.55503,1.0829091,16,373.1087,189.00368,48.42012,55.469718
Eagle_office_Jeff,46.937778,39.047743,1.2301739,12,122,44.663231,14.862432,23.647169
Eagle_education_Wesley,133.12525,115.89772,1.198577,19,281,128.15888,34.858295,62.310147
Eagle_assembly_Lacy,122.55514,115.89654,1.0137305,0,204.7626,120.63248,20.086431,8.8885297
Eagle_office_Chantelle,34.954359,28.116226,1.0144571,16,67.6302,32.992685,9.4246649,4.9678484
Eagle_lodging_Andy,55.533002,53.581873,0.82991402,2,109.0605,54.973941,16.338373,17.291536
Eagle_education_Sheena,32.219581,27.694413,1.192246,18,82.83,30.914938,9.1067472,15.90173
Eagle_office_Lane,48.674556,41.552194,1.1288719,19,82,46.623096,11.710133,22.28647
Eagle_health_Vincenza,57.175398,44.649485,1.2739132,16,102.5938,53.56917,20.647656,44.454095
Eagle_office_Dallas,54.799615,46.355323,1.1153462,19,134.0625,52.388695,18.456841,23.307115
Eagle_assembly_Ian,452.94219,437.9197,1.0114914,19,1363,448.61373,162.76015,209.40634
Eagle_health_Trisha,308.54043,299.87197,1.0474158,16,497.68,306.04008,46.870399,35.017156
Eagle_education_Shante,633.08982,604.52818,1.0608829,19,779.8549,624.82542,48.880287,97.658262
Eagle_office_Jackie,73.289067,62.123252,1.1204098,18,138,70.069804,15.271968,25.310944
Eagle_office_Isidro,25.367504,16.45805,2.0883188,16,76,22.796264,11.909566,21.201801
Eagle_office_Joette,283.78956,237.86426,1.1625087,19,489,270.54614,55.744181,104.15849
Eagle_office_Katheleen,114.4561,93.159416,1.2610927,19,454.5784,108.27426,45.65907,72.695158
Eagle_office_Donovan,71.489143,51.649049,1.4794458,16,217.67,65.769999,27.881874,46.671448
Eagle_education_Brianne,424.80769,415.40247,1.0064892,19,785,422.11452,90.450803,40.02904
Eagle_office_Amanda,306.15657,272.00711,1.1050387,14,669.6724,296.39274,61.836131,69.110229
Eagle_office_Chauncey,570.94096,502.36949,1.1185833,18,783.7851,551.22781,89.401326,146.58687
Eagle_assembly_Estelle,11.953375,10.510188,0.97188926,0,40,11.537212,4.906828,8.012637
Eagle_office_Phyllis,43.072476,38.958097,1.0840532,17,56.3771,41.883375,4.586683,7.650877
Eagle_education_Samantha,271.84211,256.5881,1.0335251,19,430.7656,267.46368,34.159667,33.33366
Eagle_office_Randolph,117.61154,91.640823,1.4586996,16,261.38,110.13183,35.971191,69.157202
Eagle_education_April,51.919105,51.533492,1.0028987,17,99,51.810211,6.2640037,0.86539853
Eagle_office_Freida,63.412284,54.108822,1.2152103,16,118,60.732788,19.092868,36.015346
Eagle_office_Francis,358.18222,336.07852,1.0422197,18,537,351.81105,35.249531,51.457002
Eagle_assembly_Benny,51.741993,44.174353,0.98255107,19,119.125,49.562568,20.901756,30.973082
Eagle_office_Sheree,45.03871,33.265853,1.3467394,19,90,41.656187,18.01516,37.325754
Eagle_education_Sherrill,708.60296,658.82181,1.0749296,18,877.1143,694.25793,66.850198,135.23824
Eagle_office_Mable,17.12852,13.183485,1.1377616,17,32.4814,15.99137,4.7553051,6.7619075
Eagle_education_Brooke,919.86709,884.78298,1.0323452,18,1147.3806,909.79439,81.848252,82.521928
Eagle_office_Demetra,161.93114,133.56173,1.0856095,16,287,153.75278,60.864883,126.62956
Eagle_education_Alberto,475.15283,435.63492,1.0936159,16,625.263,463.76301,53.074245,83.044532
Eagle_food_Kay,195.27848,175.08286,1.1933101,16,396.0049,189.42728,82.240129,167.21535
Eagle_public_Pearle,373.63818,311.53152,1.1609703,19,591.9273,355.68605,125.93856,276.17709
Eagle_office_Elias,88.626323,75.822729,1.2074219,14,149.0537,84.925403,21.700871,51.707831
Eagle_health_Jodi,184.08381,167.63879,1.2764643,18,316.3053,179.34227,44.858774,89.814704
Eagle_public_Preston,335.28945,276.7922,1.0896895,19,574.3125,318.44334,78.313052,144.44984
Eagle_assembly_Latrina,150.26198,165.68656,0.97236907,0,1528.7509,154.73035,89.435707,19.130028
Eagle_public_Ola,137.32056,114.48108,1.0290137,19,226,130.76572,37.034473,31.880684
Eagle_public_Henry,29.930723,28.357958,1.1809806,18,113,29.478711,18.561979,11.825661
Eagle_education_Norah,501.54054,480.24329,1.0131749,18,642,495.39994,33.663157,35.32255
Eagle_education_Will,114.89333,106.95824,1.0590208,19,171.25,112.61104,11.50211,14.973764
Eagle_lodging_Stephanie,80.374696,76.746643,0.90054747,2,143,79.330545,15.355358,21.216094
Eagle_assembly_Candice,44.446142,27.428077,1.5785392,12,297.3536,39.535481,49.706064,53.468338
Eagle_public_Missy,32.319964,30.140004,0.92598923,1,143.0849,31.694965,10.33491,19.192635
Eagle_lodging_Blake,20.538034,17.250825,0.8037335,4,60.8696,19.592873,9.1383435,8.1885719
Eagle_education_Petra,68.332794,63.410507,1.0369788,19,143,66.913792,8.7843181,10.53527
Eagle_lodging_Terri,108.7424,108.20943,1.0002455,12,305.1787,108.58837,35.429086,14.546
Eagle_lodging_Trina,47.653105,46.351744,0.83740563,2,100.1,47.277947,14.419232,15.71051
Eagle_education_Maragret,22.677194,20.507998,1.0414494,18,47,22.052793,4.6845273,4.2059053
Eagle_office_Lillian,51.923476,47.301601,1.0894836,20,174.6403,50.594343,38.265024,12.3311
Eagle_office_Amie,464.87396,464.48759,0.99971724,8,549.5825,464.76289,59.614733,0.84290627
Eagle_office_Damian,187.86042,160.71997,1.2074219,14,315.9463,180.01538,45.998763,109.60409
Eagle_health_Amy,83.349593,72.627738,1.130743,19,213.3931,80.259125,34.679915,76.928767
Eagle_health_Reuben,235.66925,192.94173,1.1509675,17,399,223.30394,44.298471,68.80661
Eagle_education_Edith,186.35639,151.67293,1.2805055,19,372.4789,176.28753,61.005234,117.85023
Eagle_education_Teresa,104.63109,94.035067,1.1319496,16,170.4598,101.58174,17.69566,34.405348
Eagle_assembly_Josie,194.1756,189.52913,1.0729374,17,700.8957,192.83632,74.713205,26.45124
Eagle_office_Norbert,104.55973,79.407451,1.3845138,16,215.0399,97.300842,27.6582,48.780938
Eagle_assembly_Portia,134.19303,122.82744,1.1549242,21,354.7187,130.91409,54.524994,67.115287
Eagle_office_Michele,170.25061,159.69631,1.0706049,17,293,167.20746,25.59429,20.792285
Eagle_lodging_Casey,78.176213,77.541581,0.84370449,3,142.1389,77.993123,19.418621,22.33472
Eagle_office_Elvis,51.848196,40.045155,1.2690543,18,126,48.445891,18.483653,34.883362
Eagle_office_Tia,196.10581,169.35054,1.079207,18,339.5565,188.37215,40.467735,62.715921
Eagle_office_Flossie,161.62776,140.73704,1.1176093,18,293.875,155.58992,30.40231,35.653186
Eagle_office_Remedios,92.606966,80.387827,1.1429483,16,155.3089,89.07797,14.47213,23.972676
Eagle_public_Minnie,153.61009,139.98376,1.1027824,20,318,149.70246,35.361442,32.007203
Eagle_office_Patrice,90.937673,71.828526,1.2863145,13,188.7,85.428868,24.037975,42.686678
Eagle_education_Luther,478.25835,460.58904,1.0187586,19,666,473.17441,33.839693,52.450577
Eagle_education_Paul,30.193927,25.953299,1.1922261,18,77.6231,28.971319,8.5345413,14.902109
Eagle_assembly_Margret,397.88397,374.176,1.01655,0,570.9375,391.06159,86.684781,136.39186
Eagle_office_Marisela,146.77895,123.17931,1.2046858,16,276.2033,139.98468,30.275236,47.440541
Eagle_education_Shana,50.961522,46.093299,1.0840588,17,66.7025,49.554552,5.426627,9.0540224
Cockatoo_lodging_Aimee,33.396987,34.439541,0.94097631,21,65.275,33.696542,7.6669483,9.2600969
Cockatoo_public_Chiquita,93.968382,74.110548,1.4556427,15,158.575,88.26021,23.267905,51.952526
Cockatoo_assembly_Meredith,69.583816,60.656421,1.4630127,15,153.325,67.016026,21.55687,32.019364
Cockatoo_assembly_Rodger,86.639194,83.013756,1.5415776,12,172.65,85.596408,24.348775,46.13906
Cockatoo_assembly_Genoveva,15.242876,13.445828,1.8392319,18,41.65,14.726341,6.4434199,11.898776
Cockatoo_office_Jimmy,14.772184,11.083794,1.6432376,14,48.7,13.712207,6.2055219,9.7152531
Cockatoo_office_Rodney,141.49088,106.27699,1.5781564,11,247.75,131.37172,38.568758,78.906122
Cockatoo_industrial_Sarita,15.212958,14.473514,1.4235501,12,26.95,15.000469,3.7832398,6.4350483
Cockatoo_education_Helene,119.69589,107.4624,1.1568144,12,181.725,116.17651,18.75876,22.028386
Cockatoo_assembly_Griselda,39.525247,35.229219,1.4179925,19,74.425,38.290728,13.124382,20.866173
Cockatoo_lodging_Cletus,86.035451,77.879182,1.1993881,21,142.15,83.692574,19.44235,24.532124
Cockatoo_education_Eunice,413.25436,335.19722,1.4249321,12,728.2,390.83189,96.775029,184.4185
Cockatoo_lodging_Lana,33.472109,34.1816,0.96017189,21,72.575,33.676105,9.0077046,10.617399
Cockatoo_lodging_Katharine,27.14259,23.841966,0.99274485,14,54.75,26.194784,6.1499397,4.396131
Cockatoo_lodging_Tesha,21.457859,21.049006,1.008027,18,44.475,21.340474,5.7007546,5.0759189
Cockatoo_education_Mayra,73.961487,57.524774,1.435098,12,162.25,69.207007,24.039227,30.934287
Cockatoo_lodging_Kyle,234.85583,225.48551,1.3545154,18,402.15,232.16315,61.791423,98.73144
Cockatoo_utility_Kimiko,82.381252,69.505703,3.5870861,9,242.6,78.698089,60.187094,120.00501
Cockatoo_assembly_Emilio,271.62362,242.63031,1.2508282,17,439.05,263.29459,69.442582,83.390598
Cockatoo_office_Delores,77.42502,60.781049,1.3235551,14,125.95,72.642163,15.795908,26.502135
Cockatoo_education_Sheryl,482.80985,443.13669,1.184635,12,623.55,471.40926,50.980273,100.8675
Cockatoo_science_Rex,192.46443,167.1518,1.2685675,11,287.15,185.18962,33.254392,58.981808
Cockatoo_office_Kristin,113.44842,103.21575,1.1610991,15,158.875,110.50729,13.220788,21.642007
Cockatoo_education_Melanie,17.810207,14.367259,1.4800143,9,100.05,16.820525,12.045908,9.5251714
Cockatoo_education_Collin,214.0183,186.96594,1.3062312,11,346.075,206.24205,42.18809,72.914286
Cockatoo_education_Laurence,76.672983,59.178301,1.3602901,11,233.7,71.645351,35.85319,45.507372
Cockatoo_lodging_Lynne,125.84846,131.09058,1.4219799,18,241.15,127.35485,34.560457,71.499081
Cockatoo_assembly_Fernanda,88.83798,74.791089,1.3320808,17,149.275,84.817079,19.57245,32.54696
Cockatoo_office_Elbert,31.246667,26.212376,1.2355152,15,58.175,29.796941,6.9055324,8.7835408
Cockatoo_education_Brendan,72.015529,63.977835,1.3110527,14,110.925,69.705078,12.238553,22.342257
Cockatoo_education_Joel,6.119102,5.9657042,1.4118224,15,11.225,6.0750212,1.36984,2.4967926
Cockatoo_office_Georgia,252.6158,224.1768,1.2301975,11,392.85,244.44475,41.298651,69.823066
Cockatoo_education_Jack,8.1498861,5.7749946,1.4808937,13,20.625,7.467219,2.8310704,4.0613836
Cockatoo_education_Magdalena,11.49333,9.6165569,1.2122846,21,28.8,10.953949,4.8290165,3.1023895
Cockatoo_lodging_Jimmie,183.50323,183.77887,1.0010993,21,259.025,183.58277,23.038748,37.249214
Cockatoo_lodging_Alicia,23.945776,24.67644,0.98278298,22,45.875,24.156136,5.6792273,6.4035395
Cockatoo_lodging_Jarrod,61.613545,61.528912,0.99505306,22,119.125,61.589271,29.938854,9.3654153
Cockatoo_lodging_Mandy,12.249115,12.317215,1.0240354,21,21.575,12.268659,2.2561388,2.3865919
Cockatoo_education_Shawn,127.09581,105.96716,1.3457179,15,213.525,121.02422,28.758625,49.525109
Cockatoo_industrial_Nathaniel,81.864942,85.326143,3.8803478,7,235.45,82.853918,68.234951,152.8857
Cockatoo_lodging_Tessie,228.31853,229.1009,1.370141,18,430.875,228.54341,68.382695,104.14018
Cockatoo_assembly_Mimi,8.1336411,4.2121736,1.8052046,11,18.275,7.4913781,3.8895967,8.247093
Cockatoo_education_Brigitte,732.64641,665.309,1.3559614,11,991.575,713.29913,113.80424,258.13358
Cockatoo_assembly_Heath,133.09225,122.07322,1.5773694,14,327.325,129.92628,55.859479,94.117387
Cockatoo_lodging_Jim,51.001577,50.827389,1.0659226,22,78.9,50.951522,8.1671883,10.298284
Cockatoo_lodging_Eric,19.19312,19.269175,1.0892677,22,41.575,19.214975,7.208215,7.5566247
Cockatoo_education_Claudine,39.639962,36.507473,0.90100664,5,63.625,38.739578,5.8609122,6.2428934
Cockatoo_utility_Sherri,63.95439,37.875789,1.7584888,11,127.5,56.464985,25.337975,42.317627
Cockatoo_education_Joeann,392.65216,396.19399,2.1053425,8,811.6,393.66417,178.39932,407.28937
Cockatoo_education_Erik,171.41191,154.47201,1.2212894,12,271.975,166.53524,28.019651,41.719757
Cockatoo_education_Clifton,1.3626135,1.2610206,1.1454409,13,1.8,1.3334212,0.13682205,0.2594697
Cockatoo_education_Victoria,4.7576581,4.7578544,1.2361366,17,10.85,4.7577144,1.2461342,1.370994
Cockatoo_education_Charity,274.01721,251.67958,1.1172389,14,369.525,267.59143,27.238609,42.738348
Cockatoo_education_Nelda,126.76375,111.51558,1.1409376,14,180.125,122.379,18.861935,24.32239
Cockatoo_education_Terrence,446.16625,406.08923,1.130474,14,624.6,434.63387,47.665699,85.268229
Cockatoo_office_Pansy,60.435507,39.902557,1.5598307,11,122.525,54.539643,20.147481,32.88028
Cockatoo_lodging_Javier,93.979197,92.536951,1.1738991,21,175.825,93.564749,22.43535,30.504386
Cockatoo_assembly_Britt,48.514536,44.507283,1.1824177,17,93.125,47.682966,21.509034,23.884028
Cockatoo_lodging_Emory,81.403482,77.957445,1.1613225,16,137.1,80.413675,19.830158,20.633386
Cockatoo_office_Paige,114.39056,95.868781,1.345692,14,178.6,109.06809,23.959614,40.200918
Cockatoo_office_Lorraine,6.7386014,6.8115941,0.84521369,22,16.6,6.7595518,2.2855658,3.2245187
Cockatoo_assembly_Ed,160.21447,159.02191,1.5626784,19,417.45,159.87181,65.932164,106.35512
Cockatoo_lodging_Olga,68.363632,70.466158,0.95158355,22,168.575,68.96782,33.356713,15.35227
Cockatoo_assembly_Valencia,111.96338,103.70585,1.3195801,15,256.125,109.59121,62.105445,40.541987
Cockatoo_education_Maynard,22.185705,17.765635,1.1985309,13,64.1,20.915696,8.6888729,5.6862167
Cockatoo_assembly_Evelyn,7.1043047,7.2861129,0.78719567,21,36.475,7.1562289,4.3265189,4.3326977
Cockatoo_office_Margaret,3.417437,2.8064429,1.1251551,6,6.65,3.2416149,0.82372642,1.0942537
Cockatoo_education_Doreen,93.185416,79.987737,1.2723486,14,150.725,89.392895,16.926759,28.624945
Cockatoo_education_Christi,4.5659248,3.7110455,1.1296241,11,14.875,4.3191976,2.1430456,0.97094385
Cockatoo_education_Gussie,310.18461,279.24894,1.1818456,14,435.825,301.2929,34.678676,64.644032
Cockatoo_education_Jon,120.75848,91.415263,1.4142839,12,253.025,112.32658,40.750565,45.581418
Cockatoo_public_Valerie,449.02546,423.0905,1.1011,14,619.125,441.57272,50.381811,56.235563
Cockatoo_office_Alton,102.4874,86.136674,1.407563,11,195.375,97.788809,25.271948,48.792237
Cockatoo_education_Deloris,77.487899,71.618493,1.1335915,12,105.7,75.794105,8.4900113,12.148299
Cockatoo_office_Laila,227.31887,210.56531,1.2290277,14,309.875,222.50213,27.003564,56.534128
Cockatoo_lodging_Johnathan,8.9243645,9.1404109,0.96509918,23,16.3,8.9864482,2.1431398,1.3482594
Cockatoo_lodging_Judi,15.284456,14.606552,1.0948512,19,36.625,15.089651,5.6815897,3.1836368
Cockatoo_education_Evangeline,216.57977,197.20324,1.159094,15,283.325,211.01426,24.37642,43.298981
Cockatoo_lodging_Albert,70.815364,70.972265,0.99361907,22,123.6,70.860445,16.284923,16.150557
Cockatoo_education_Rita,14.216768,8.8369297,1.5822257,10,35.075,12.670707,5.6231003,9.3149083
Cockatoo_assembly_Tabitha,12.359531,11.508085,1.3619839,16,28.5,12.114766,3.7569371,5.7222966
Cockatoo_lodging_Linwood,17.785532,18.485257,1.0000139,22,42.775,17.986607,5.9470764,6.2352565
Cockatoo_education_Latrice,1.6180447,4.1264555,0.20614494,4,17.9,2.0851722,4.3084523,6.1282297
Cockatoo_education_Arlen,87.282398,75.884389,1.3879816,13,151.75,84.003373,21.801985,33.953854
Cockatoo_lodging_Carmen,17.530879,17.867269,1.0311646,22,39.575,17.627545,6.4324544,6.2162605
Cockatoo_lodging_Ana,12.988128,13.121817,0.74088134,23,30.35,13.026547,4.5218333,6.6332196
Cockatoo_office_Gail,23.43001,16.597814,1.497488,11,57.05,21.465839,8.6118019,12.468478
Cockatoo_lodging_Elvia,261.41577,247.21985,1.5406437,10,421.85,257.3389,59.932979,135.16874
Cockatoo_education_Flora,875.08938,857.92972,1.0384149,15,1006.1,870.1565,46.263425,50.353999
Cockatoo_office_Jodie,55.135184,46.732675,1.1586481,10,100.425,52.719717,11.836781,11.958447
Cockatoo_education_Orlando,241.90718,219.12845,1.3671379,9,382.75,235.36142,46.019228,100.44286
Cockatoo_office_Giovanni,136.73355,118.02961,1.2931428,15,226.425,131.34805,26.010561,43.926903
Cockatoo_office_Roxanna,8.0828828,6.902525,1.2685845,11,14.8,7.7435529,1.7801043,2.5230122
Cockatoo_lodging_Raphael,94.783396,98.092881,1.3415075,19,202.525,95.734418,30.214239,46.941266
Cockatoo_religion_Diedre,6.0419373,5.4215033,1.7774397,11,16.25,5.8636092,3.2740186,3.8571236
Cockatoo_assembly_Ralph,18.746849,19.860049,0.96187036,23,35.35,19.067971,2.9423223,2.34281
Cockatoo_office_Christy,196.13632,181.19988,1.3761949,13,347.975,191.84692,36.155204,69.17916
Cockatoo_lodging_Kerri,19.016498,16.714725,1.2232285,18,33.425,18.360157,4.5928965,6.1774707
Cockatoo_assembly_Doyle,272.48569,209.14244,1.9157864,13,481.75,254.29441,88.876371,174.26135
Cockatoo_assembly_Pierre,15.258502,15.296648,1.4133432,12,30.525,15.269466,3.6878074,7.2910003
Cockatoo_education_Julio,177.95093,163.77651,1.0153333,17,241.525,173.87773,21.532083,16.968835
Cockatoo_lodging_Homer,275.99749,239.43762,1.1999511,14,373.6,265.49155,34.872763,63.594144
Cockatoo_office_Ada,436.27331,424.12468,1.1858591,14,605.15,432.77425,42.120406,85.501624
Cockatoo_education_Julia,34.499636,28.901562,1.2505716,10,62.625,32.887858,7.7112136,10.77343
Cockatoo_lodging_Josephine,79.429676,85.329626,1.3699828,20,205.8,81.124479,29.678026,46.428775
Cockatoo_education_Janet,1020.7742,947.61974,1.1942175,14,1374.175,999.74969,115.96661,227.84127
Cockatoo_education_Minh,45.962774,42.258137,1.1329079,16,77.025,44.896438,8.6063134,9.6822936
Cockatoo_education_Oliver,176.11784,148.83444,1.2434994,14,285.425,168.27761,28.894444,49.32087
Cockatoo_education_Marva,173.5954,119.31154,1.6828621,10,348.95,157.99624,62.867307,122.15101
Cockatoo_education_June,107.79196,95.364826,1.2849458,14,159.95,104.21732,16.423901,33.149515
Cockatoo_education_Lionel,337.1843,315.5011,1.1399921,13,481.15,330.90309,39.276393,57.090397
Cockatoo_public_Leah,173.47556,153.08356,1.4912167,14,263.825,167.61529,40.433692,94.673821
Cockatoo_education_Amira,48.773209,43.923158,1.108114,13,108.075,47.363704,14.649052,9.3230999
Cockatoo_public_Harland,53.679248,43.227269,1.3122457,14,85.15,50.67415,11.6187,20.39687
Cockatoo_public_Caleb,196.39822,145.5808,1.4586556,13,316.35,181.78703,54.150864,90.515574
Cockatoo_education_Tyler,779.26719,748.23099,1.0978222,15,925.55,770.34881,47.807854,92.951318
Cockatoo_public_Shad,138.84438,107.29246,1.4861376,13,278.575,129.77416,37.264065,68.62794
Mouse_health_Buddy,17.736725,17.540797,1.0017745,14,40.8163,17.679361,1.5192195,0.20812896
Mouse_health_Modesto,548.25353,494.01523,1.2017123,16,1267.846,532.67978,226.73771,129.81277
Mouse_lodging_Vicente,48.291979,39.496377,1.6329575,16,100,45.767561,13.847546,23.519637
Mouse_health_Justin,803.52001,733.31985,1.34176,16,1487.017,783.35034,176.61819,288.88508
Mouse_health_Ileana,49.220584,29.551085,1.8732956,15,126,43.587324,20.946759,31.190755
Mouse_health_Estela,406.71125,329.97409,1.4840831,15,665,384.68422,95.102666,178.01662
Mouse_science_Micheal,442.0621,420.40664,1.050769,14,2000,435.84496,238.25003,79.52849
